,sector,camera,ccd,column,row,tdb-ut,pixels_per_hour,ra,dec,vmag,hmag,sun_distance,obs_distance,sto_angle,time
0,1751,2,3,1730.399605583856,587.2839582855086,69.18431728910012,6.889315544212096,130.7740315513302,15.975676152363123,16.37342355506325,,3.106215490400048,2.145925313045174,4.577303051693007,4055.511601488795
1,1751,2,3,1730.4072146497479,588.9941515997577,69.18431759432139,6.887861503040776,130.76425492450204,15.977830951202044,16.37383507224291,,3.1065340045520453,2.146182778639865,4.570905412044463,4055.521601488802
2,1751,2,3,1730.4147399999881,590.7038082589978,69.1843179125931,6.886407902684443,130.7544801189684,15.979984417728767,16.374236820463047,,3.106852525171027,2.146440317526356,4.564507524976937,4055.531601488809
3,1751,2,3,1730.422185186682,592.4129299088434,69.18431824084466,6.884954870009705,130.74470713236147,15.982136573556538,16.374631068723637,,3.1071710522843556,2.1466979297009114,4.558109833221351,4055.541601488816
4,1751,2,3,1730.4295537601254,594.1215178746096,69.18431857600544,6.883502532153865,130.73493596413456,15.984287439897601,16.375020085950357,,3.1074895858600637,2.1469556151118208,4.551712780700283,4055.551601488823
5,1751,2,3,1730.4368492715444,595.8295737980388,69.18431891500481,6.88205101598365,130.72516661192125,15.98643703836494,16.37540614114198,,3.1078081259255157,2.147213373755361,4.54531681014473,4055.56160148883
6,1751,2,3,1730.4440752703554,597.5370990008897,69.18431925477208,6.880600448636221,130.71539907517484,15.988585390171005,16.375791503224963,,3.108126672448742,2.147471205579808,4.538922365477107,4055.5716014888376
7,1751,2,3,1730.4512353068958,599.2440951211261,69.18431959223668,6.879150956978472,130.70563335152983,15.990732516928531,16.376178441197734,,3.1084452254571096,2.147729110581454,4.532529889428656,4055.5816014888446
8,1751,2,3,1730.4583329297336,600.9505634768882,69.18431992432792,6.877702668147372,130.69586944044,15.992878439850179,16.376569223986664,,3.108763784918647,2.147987088708561,4.52613982592147,4055.5916014888517
9,1751,2,3,1730.4653716883356,602.6565057023528,69.18432024797522,6.876255709010029,130.68610733954083,15.995023180548426,16.37696612059069,,3.1090823508607217,2.148245139957433,4.519752617687195,4055.6016014888587
10,1751,2,3,1730.4723551304085,604.3619231120987,69.18432056010788,6.874810206703178,130.67634704828637,15.997166760236128,16.37737139993526,,3.1094009232513633,2.148503264276319,4.513368708647432,4055.6116014888657
11,1751,2,3,1730.4792868045558,606.0668173365393,69.18432085765531,6.873366288094183,130.66658856431306,15.999309200525529,16.37778733102065,,3.1097195021179376,2.148761461661538,4.5069885415344055,4055.6216014888723
12,1751,2,3,1730.486170177216,607.7711896908298,69.18432113767477,6.871924074852692,130.6568318869399,16.001450522183468,16.37821610621889,,3.1100380874284745,2.14901973206131,4.500612541796918,4055.631601488879
13,1751,2,3,1730.4930068656736,609.475041902109,69.18432140016556,6.87048356264299,130.64707701055005,16.003590736113004,16.378658157292698,,3.110356679210349,2.149278075471624,4.494240708836544,4055.6416014888855
14,1751,2,3,1730.4997966359329,611.1783754749246,69.18432164806882,6.86904462166127,130.63732392822615,16.005729842555663,16.379112155235674,,3.1106752774316035,2.149536491840027,4.4878726183828705,4055.651601488891
15,1751,2,3,1730.5065391750252,612.8811922343773,69.18432188445375,6.867607116368742,130.6275726310983,16.007867841705302,16.379576694573142,,3.1109938821196224,2.1497949811621777,4.481507826506821,4055.6616014888973
16,1751,2,3,1730.5132341689887,614.5834936872515,69.18432211238947,6.866170911494511,130.61782311211377,16.010004733357455,16.380050369744968,,3.1113124932424454,2.150053543385595,4.475145890465189,4055.6716014889034
17,1751,2,3,1730.5198813053235,616.2852816565027,69.18432233494511,6.864735871500038,130.6080753624036,16.01214051770576,16.38053177527829,,3.1116311108274592,2.1503121785059527,4.4687863663294705,4055.6816014889096
18,1751,2,3,1730.526480270528,617.9865576470012,69.18432255518981,6.863301861114203,130.59832937491524,16.014275194545917,16.381019505611402,,3.1119497348427028,2.1505708864707547,4.462428811355967,4055.691601488915
19,1751,2,3,1730.5330307525799,619.6873234795412,69.1843227761927,6.861868744798672,130.58858514078085,16.01640876407136,16.381512155272766,,3.1122683653155634,2.150829667275688,4.456072781616584,4055.701601488921
20,1751,2,3,1730.5395324384524,621.3875806571003,69.18432300102293,6.860436387282139,130.57884265294788,16.018541226077986,16.382008318699622,,3.1125870022140787,2.151088520868244,4.449717834367299,4055.7116014889266
21,1751,2,3,1730.545985016585,623.087330998328,69.18432323274965,6.85900465302643,130.56910190254968,16.020672580758987,16.382506590421222,,3.112905645565638,2.151347447244123,4.443363525680258,4055.7216014889323
22,1751,2,3,1730.5523881744275,624.7865760042931,69.18432347444197,6.857573406760112,130.5593628825339,16.022802827910454,16.383005564874274,,3.1132242953382767,2.151606446350803,4.437009412811279,4055.731601488939
23,1751,2,3,1730.558741600876,626.4853174915701,69.18432372916905,6.856142512945108,130.5496255840346,16.02493196772537,16.383503836588297,,3.1135429515593858,2.1518655181839974,4.430655051832586,4055.741601488945
24,1751,2,3,1730.565044983865,628.1835569592749,69.184324,6.854711836309909,130.53989000000004,16.02706,16.384,,3.113861614197,2.15212466269117,4.4243,4055.7516014889516
25,1751,2,3,1730.5712974733415,629.8812957069434,69.18432428898214,6.853281285484472,130.53015612377374,16.02918692126383,16.384492930719464,,3.1141802832636722,2.152383879856468,4.4179439556405296,4055.7616014889577
26,1751,2,3,1730.5774960630251,631.5785332898519,69.18432459407539,6.85185094550423,130.52042395572198,16.031312713789056,16.38498262877092,,3.1144989587719625,2.1526431696660167,4.411587184916464,4055.7716014889647
27,1751,2,3,1730.5836372069248,633.275268590998,69.18432491221783,6.850420945705794,130.51069349932575,16.033437355986674,16.385469375213965,,3.1148176406899135,2.1529025320702093,4.405230096837004,4055.781601488972
28,1751,2,3,1730.5897173604835,634.9715008101701,69.18432524034758,6.84899141515939,130.50096475625435,16.035560826663517,16.385953451199132,,3.115136329044926,2.153161967067742,4.3988730992273055,4055.7916014889784
29,1751,2,3,1730.5957329782748,636.6672288320148,69.18432557540268,6.847562483201554,130.49123772998925,16.037683104230744,16.386435137786513,,3.1154550238050427,2.1534214746089937,4.392516601096591,4055.801601488986
30,1751,2,3,1730.601680516276,638.362451857864,69.18432591432122,6.8461342789026105,130.48151242220035,16.039804167494964,16.386914716126185,,3.1157737249976645,2.1536810546926755,4.386161010270069,4055.8116014889933
31,1751,2,3,1730.6075564296298,640.0571687739983,69.18432625404131,6.8447069315989735,130.47178883636968,16.041923994867542,16.387392467278676,,3.1160924325908317,2.1539407072691534,4.379806735756832,4055.8216014890004
32,1751,2,3,1730.6133571748387,641.7513787832335,69.18432659150105,6.843280570361116,130.46206697416807,16.044042565154818,16.387868672393672,,3.116411146611949,2.15420043233715,4.373454185382297,4055.8316014890074
33,1751,2,3,1730.6190792075959,643.4450807735566,69.18432692363845,6.841855324525276,130.4523468390776,16.04615985676839,16.388343612532015,,3.116729867029055,2.1544602298470186,4.367103768155271,4055.8416014890145
34,1751,2,3,1730.624718984926,645.1382739492592,69.18432724739166,6.840431323162125,130.44262843277002,16.04827584851433,16.388817568843148,,3.1170485938695536,2.1547200997974953,4.360755891901532,4055.851601489022
35,1751,2,3,1730.6302729630709,646.830957199963,69.18432755969876,6.839008695607682,130.4329117587279,16.05039051880444,16.389290822388112,,3.117367327101484,2.1549800421389196,4.354410965629451,4055.861601489028
36,1751,2,3,1730.6357375995735,648.5231297314426,69.18432785749782,6.837587570932861,130.42319681862384,16.05250384644455,16.38976365431619,,3.1176860667522512,2.155240056870042,4.348069397165317,4055.871601489035
37,1751,2,3,1730.6411095078481,650.2147904904899,69.18432813785395,6.836168073790401,130.41348361583798,16.054615810795042,16.39023634568834,,3.118004812789893,2.1555001439409773,4.341731581409626,4055.8816014890417
38,1751,2,3,1730.6463889050704,651.9059400159541,69.18432840075344,6.834750220859241,130.4037721495811,16.056726413421927,16.390709177649267,,3.1183235652418233,2.1557603033454344,4.3353975876143265,4055.8916014890483
39,1751,2,3,1730.651579609784,653.5965798068444,69.18432864910379,6.833333921373308,130.39406241851339,16.05883567731007,16.39118243125125,,3.118642324076092,2.1560205350238255,4.329067161743842,4055.901601489054
40,1751,2,3,1730.656685597712,655.286711730646,69.18432888593955,6.831919079619565,130.38435441938407,16.060943626785683,16.391656387634495,,3.1189610893201225,2.156280838964818,4.322740034475812,4055.91160148906
41,1751,2,3,1730.6617108431774,656.9763373380634,69.18432911429522,6.830505600148652,130.3746481507508,16.063050285782193,16.392131327850997,,3.1192798609419645,2.1565412151085996,4.316415937666723,4055.9216014890662
42,1751,2,3,1730.6666593210311,658.6654584925706,69.18432933720533,6.829093387247792,130.3649436093636,16.06515567862556,16.392607533041136,,3.1195986389690407,2.1568016634438516,4.3100946019948125,4055.931601489072
43,1751,2,3,1730.671535004768,660.3540767409861,69.18432955770439,6.827682345467381,130.3552407937807,16.06725982924944,16.393085284256674,,3.1199174233694,2.157062183910748,4.303775759316027,4055.9416014890776
44,1751,2,3,1730.676341868361,662.0421939428211,69.18432977882694,6.8262723790948705,130.3455397007527,16.069362761979537,16.393564862638257,,3.1202362141704674,2.1573227764979843,4.297459140309087,4055.9516014890837
45,1751,2,3,1730.68108388448,663.7298116410656,69.18433000360746,6.824863392680446,130.33584032883817,16.071464500749705,16.394046549237345,,3.1205550113402905,2.1575834411457206,4.291144476829504,4055.96160148909
46,1751,2,3,1730.6857650262493,665.4169316912197,69.18433023508052,6.823455290511748,130.32614267478866,16.073565069885408,16.394530625194946,,3.1208738149062953,2.157844177842665,4.284831499556389,4055.9716014890955
47,1751,2,3,1730.6903892655173,667.1035556324457,69.18433047628062,6.822047977138792,130.3164467371631,16.07566449332071,16.3950173715621,,3.121192624836527,2.1581049865289654,4.278519940344911,4055.9816014891016
48,1751,2,3,1730.6949605745624,668.7896853162752,69.18433073024228,6.820641356849373,130.30675251271384,16.077762795380817,16.395507069480278,,3.121511441158414,2.1583658671933423,4.272209529874471,4055.991601489108
49,1751,2,3,1730.699482924417,670.4753222780912,69.184331,6.819235334193368,130.29706000000002,16.07986,16.396,,3.12183026384,2.15862681977593,4.2659,4056.001601489114
50,1751,2,3,1730.703959276026,672.1604677802148,69.18433128759388,6.81782984795159,130.28736919775076,16.08195612510275,16.396496163142494,,3.1221490928938693,2.158887844256912,4.259591135169308,4056.0116014891205
51,1751,2,3,1730.7083885488323,673.8451210567937,69.18433159108619,6.81642497461479,130.27768011079385,16.084051163401735,16.39699443453897,,3.1224679283326133,2.159148940630902,4.253282933728141,4056.0216014891275
52,1751,2,3,1730.7127686513106,675.5292806002623,69.18433190754477,6.815020825297421,130.26799274683555,16.08614510101407,16.397493408653343,,3.122786770124282,2.1594101088596434,4.246975448377919,4056.0316014891346
53,1751,2,3,1730.717097492725,677.2129452174707,69.18433223403746,6.8136175108523345,130.2583071117775,16.08823792444699,16.3979916800423,,3.123105618296317,2.1596713489535175,4.240668730645143,4056.041601489141
54,1751,2,3,1730.721372981503,678.8961134021821,69.18433256763207,6.812215142393838,130.24862321332623,16.090329619817787,16.39848784316974,,3.123424472816768,2.1599326608742553,4.234362833231099,4056.0516014891487
55,1751,2,3,1730.7255930268573,680.5787839623421,69.18433290539645,6.810813830774947,130.23894105738452,16.092420173633464,16.398980492592102,,3.123743333713076,2.160194044632251,4.228057807662435,4056.061601489156
56,1751,2,3,1730.7297555371617,682.2609553930682,69.18433324439842,6.8094136871097835,130.22926065165893,16.094509572011518,16.399468222773805,,3.1240622009532903,2.1604555001892214,4.221753706640277,4056.0716014891627
57,1751,2,3,1730.733858421561,683.942626503409,69.1843335817058,6.808014822251571,130.21958200205333,16.09659780145872,16.3999496282705,,3.1243810745648526,2.1607170275555765,4.215450581691442,4056.08160148917
58,1751,2,3,1730.7378995883944,685.623795789763,69.18433391438646,6.806617347314202,130.20990511627465,16.09868484809276,16.40042330354767,,3.1246999545158123,2.1609786266930175,4.209148485516878,4056.0916014891773
59,1751,2,3,1730.741876946735,687.3044620622845,69.1843342395082,6.80522137315115,130.20023000022778,16.100770698420177,16.400887843159634,,3.1250188408336115,2.161240297611968,4.202847469643588,4056.1016014891848
60,1751,2,3,1730.7457884048654,688.9846238187007,69.18433455413887,6.803827010876039,130.19055666161975,16.10285533855887,16.40134184157345,,3.1253377334862975,2.1615020402741165,4.1965475867723265,4056.1116014891913
61,1751,2,3,1730.749631871777,690.6642798702867,69.18433485534632,6.802434371342629,130.18088510635627,16.104938755015127,16.40178389334162,,3.125656632501315,2.161763854689899,4.1902488884303,4056.121601489198
62,1751,2,3,1730.7534052797982,692.3434288362967,69.18433514031254,6.801043562047847,130.17121534148495,16.107020934190178,16.402212669482278,,3.12597553784671,2.162025740820564,4.183951427488115,4056.1316014892045
63,1751,2,3,1730.7571071158848,694.0220724159828,69.18433540884658,6.799654607052404,130.1615473570701,16.1091018693848,16.40262860172192,,3.1262944495499343,2.1622876986662787,4.177655259554772,4056.1416014892106
64,1751,2,3,1730.7607364207593,695.7002147615232,69.18433566338433,6.798267447498916,130.1518811297953,16.111181560023674,16.403033882335507,,3.1266133675790475,2.162549728168568,4.171360445323648,4056.1516014892172
65,1751,2,3,1730.7642922607208,697.3778604561566,69.184335906476,6.796882020655058,130.1422166338837,16.113260006202054,16.403430780223673,,3.126932291961508,2.1628118293173313,4.165067044485562,4056.1616014892234
66,1751,2,3,1730.7677737022095,699.0550137687528,69.18433614067165,6.795498264046727,130.13255384535884,16.11533720762794,16.40382156421215,,3.1272512226653735,2.1630740020536536,4.158775117903702,4056.1716014892295
67,1751,2,3,1730.7711798131384,700.7316792787213,69.1843363685215,6.7941161149419145,130.12289273844488,16.117413164396343,16.40420850320022,,3.127570159718106,2.163336246367446,4.1524847252691535,4056.181601489235
68,1751,2,3,1730.7745096615906,702.4078612513464,69.18433659257568,6.792735510866212,130.11323328916538,16.119487876215473,16.404593866014565,,3.1278891030877607,2.16359856219978,4.146195927444821,4056.191601489241
69,1751,2,3,1730.7777623171044,704.0835642622628,69.18433681538434,6.791356389087905,130.10357547174522,16.12156134318008,16.404979921553938,,3.1282080528018,2.1638609495405814,4.139908784122086,4056.201601489247
70,1751,2,3,1730.7809368493995,705.7587925731432,69.18433703949762,6.789978687132303,130.09391926220835,16.12363356499858,16.405368938645108,,3.1285270088282795,2.1641234083309078,4.1336233561635485,4056.2116014892526
71,1751,2,3,1730.7840323296316,707.4335507558585,69.18433726746568,6.788602342267961,130.0842646347805,16.12570454176549,16.40576318618717,,3.1288459711946626,2.164385938560697,4.127339703260904,4056.221601489259
72,1751,2,3,1730.787047829161,709.1078430685375,69.18433750183866,6.787227292019931,130.07461156548575,16.12777427318943,16.406164933006135,,3.129164939869002,2.1646485401709943,4.121057886276428,4056.231601489265
73,1751,2,3,1730.7899824207568,710.7816740793082,69.18433774516672,6.785853473657014,130.06496002855073,16.129842759364657,16.406576448002276,,3.129483914878764,2.164911213151751,4.114777964902149,4056.2416014892706
74,1751,2,3,1730.7928351774349,712.4550480427083,69.184338,6.784480824704027,130.05531,16.13191,16.407,,3.129802896192,2.165173957444,4.1085,4056.2516014892767
75,1751,2,3,1730.7956059082508,714.1279679985872,69.18433826827622,6.783109292537181,130.04566146386495,16.13397599745667,16.407437225410195,,3.130121883821324,2.1654367730273565,4.102224043838023,4056.2616014892833
76,1751,2,3,1730.7982973615842,715.8004311988417,69.18433854948339,6.781738864706272,130.03601444159668,16.13604076354913,16.40788723076344,,3.1304408777793586,2.1656996598890204,4.095950117818456,4056.27160148929
77,1751,2,3,1730.8009130190644,717.4724332152729,69.18433884249707,6.780369538995854,130.02636896534932,16.138104312166817,16.408348490056433,,3.1307598780341652,2.165962617981357,4.089678236503404,4056.2816014892965
78,1751,2,3,1730.8034563614399,719.1439699316486,69.18433914619284,6.779001312935329,130.01672506548044,16.140166657583634,16.40881947737066,,3.131078884613221,2.166225647305703,4.0834084132865565,4056.291601489303
79,1751,2,3,1730.8059308675915,720.8150369208323,69.18433945944625,6.777634184309048,130.0070827741443,16.14222781368921,16.40929866670088,,3.1313978974845873,2.16648874781441,4.077140662729635,4056.30160148931
80,1751,2,3,1730.8083400155144,722.485630067416,69.18433978113289,6.776268150646615,129.9974421216995,16.144287794757215,16.40978453213025,,3.131716916675743,2.16675191950883,4.070874998226712,4056.311601489317
81,1751,2,3,1730.8106872813664,724.1557449452667,69.18434011012835,6.774903209732178,129.98780314030063,16.146346614677487,16.41027554765213,,3.1320359421547472,2.1670151623413,4.064611434339123,4056.321601489324
82,1751,2,3,1730.812976140383,725.825377439797,69.18434044530814,6.773539359095543,129.97816586030726,16.14840428772346,16.410770187350785,,3.1323549739490812,2.167278476313185,4.05834998446133,4056.331601489331
83,1751,2,3,1730.8152100660036,727.4945231258934,69.18434078554787,6.772176596520658,129.96853031387408,16.150460827785164,16.411266925218765,,3.132674012026802,2.1675418613768094,4.052090663154277,4056.3416014893387
84,1751,2,3,1730.8173925307235,729.1631778897579,69.18434112972315,6.770814919537528,129.95889653136166,16.152516249135818,16.411764235340854,,3.132993056415392,2.1678053175335514,4.045833483812819,4056.3516014893457
85,1751,2,3,1730.8195270052606,730.8313373072409,69.18434147670943,6.7694543259299,129.94926454492503,16.15457056566564,16.412260591709362,,3.1333121070829075,2.168068844735722,4.039578460997506,4056.3616014893532
86,1751,2,3,1730.8216169593657,732.4989972653743,69.18434182538242,6.768094813227983,129.93963438492537,16.15662379164761,16.41275446840904,,3.1336311640568315,2.168332442984713,4.033325608103589,4056.3716014893607
87,1751,2,3,1730.8236656696333,734.1661535479793,69.1843421746176,6.766736380796317,129.93000608206023,16.158675940147358,16.413244387118848,,3.1339502273052204,2.168596112232788,4.027074936979422,4056.3816014893673
88,1751,2,3,1730.825672009468,735.8328070111455,69.18434252329055,6.765379064109259,129.92037963170523,16.160727005642713,16.41372996639514,,3.1342692968555634,2.168859852480558,4.020826395937628,4056.391601489375
89,1751,2,3,1730.8276304501903,737.4989629611689,69.18434287027686,6.764022935257036,129.91075499750102,16.162776963259226,16.414211921489237,,3.1345883726759265,2.1691236636787514,4.014579872083672,4056.4016014893823
90,1751,2,3,1730.8295352737864,739.1646272206148,69.18434321445213,6.762668067658161,129.90113213983759,16.16482578767958,16.414691015428957,,3.134907454793807,2.1693875458271967,4.008335248647526,4056.4116014893893
91,1751,2,3,1730.831380763618,740.829805300551,69.18434355469185,6.761314534983633,129.89151102089784,16.166873453204705,16.41516801115256,,3.1352265431772697,2.169651498876576,4.002092410022496,4056.421601489397
92,1751,2,3,1730.8331612051254,742.4945030210723,69.18434388987168,6.759962410652208,129.88189160107277,16.168919934517056,16.4156436716874,,3.1355456378538125,2.169915522826731,3.995851239438899,4056.431601489404
93,1751,2,3,1730.83487088513,744.1587258910116,69.18434421886711,6.758611768334625,129.87227384254535,16.17096520591777,16.416118759972054,,3.1358647387914984,2.1701796176283303,3.989611621289719,4056.441601489411
94,1751,2,3,1730.836504092508,745.8224797280781,69.18434454055375,6.757262681449913,129.86265770570722,16.173009242089055,16.416594039033708,,3.136183846017828,2.1704437832812298,3.98337343880557,4056.451601489418
95,1751,2,3,1730.838055117562,747.4857700388054,69.18434485380719,6.755915223668529,129.853043152742,16.175052017332256,16.417070271810967,,3.1365029595008638,2.1707080197360846,3.9771365763791606,4056.461601489425
96,1751,2,3,1730.839518252574,749.1486026385546,69.18434515750295,6.754569468409796,129.84343014404192,16.177093506329324,16.41754822133112,,3.1368220792681054,2.1709723269927634,3.9709009172413623,4056.4716014894316
97,1751,2,3,1730.8408877912962,750.8109830316571,69.18434545051662,6.753225489343859,129.83381864179086,16.17913368338182,16.41802865053253,,3.137141205287614,2.171236705001908,3.964666345784647,4056.481601489438
98,1751,2,3,1730.8421580294496,752.4729170310416,69.1843457317238,6.75188335989037,129.82420860638229,16.181172523171448,16.418512322442883,,3.137460337586892,2.1715011537634004,3.958432745240099,4056.4916014894447
99,1751,2,3,1730.8433232642105,754.1344101389307,69.184346,6.750543153719134,129.81459999999998,16.183210000000003,16.419,,3.137779476134,2.17176567322787,3.9522,4056.5016014894513
100,1751,2,3,1730.8443796750366,755.7954665110406,69.18434625483326,6.749204931301611,129.8049927951762,16.185246097124086,16.419492064717023,,3.1380986209415798,2.172030263383279,3.9459680368797128,4056.511601489457
101,1751,2,3,1730.8453309635167,757.4560839923289,69.18434649816133,6.747868701066386,129.79538701120418,16.187280832479928,16.419987372139143,,3.138417772022284,2.172294924219169,3.939736955870455,4056.5216014894636
102,1751,2,3,1730.8461827101917,759.1162586179672,69.1843467325343,6.7465344586178615,129.78578268041,16.189314232389492,16.420484396250075,,3.138736929344181,2.1725596556884943,3.9335069011278248,4056.5316014894693
103,1751,2,3,1730.8469404941777,760.7759867322428,69.18434696050235,6.745202199311731,129.77617983333062,16.191346323553596,16.420981611125875,,3.139056092934786,2.1728244577935167,3.927278015646893,4056.5416014894754
104,1751,2,3,1730.8476098928984,762.4352643700198,69.18434718461562,6.7438719187520215,129.7665785022923,16.19337713229445,16.42147749075008,,3.139375262762166,2.1730893304871786,3.9210504435830504,4056.551601489481
105,1751,2,3,1730.8481964823109,764.0940878750707,69.18434740742426,6.742543612294799,129.75697871783305,16.195406685312623,16.42197050919864,,3.1396944388538377,2.1733542737717553,3.914824327931603,4056.561601489487
106,1751,2,3,1730.8487058367084,765.7524532819257,69.18434763147843,6.741217275543723,129.74738051227942,16.197435008930523,16.42245914045549,,3.140013621177867,2.173619287600175,3.908599812847683,4056.571601489493
107,1751,2,3,1730.8491435289063,767.4103569338904,69.18434785932828,6.739892903855225,129.73778391617,16.19946212984848,16.4229418585959,,3.1403328097617726,2.1738843719747254,3.902377041326879,4056.5816014894986
108,1751,2,3,1730.8495151300835,769.0677948651573,69.18434809352397,6.7385704928326,129.72818896183156,16.20148807438911,16.423417137604766,,3.1406520045736177,2.174149526848324,3.8961561575240125,4056.5916014895047
109,1751,2,3,1730.8498262099251,770.7247634184738,69.18434833661561,6.737250037832643,129.71859567980377,16.203512869252503,16.423883451556105,,3.140971205640922,2.17441475222327,3.889937304435011,4056.601601489511
110,1751,2,3,1730.8500823364977,772.381258627708,69.1843485911534,6.735931534458285,129.70900410241342,16.20553654076148,16.42433927443635,,3.14129041293175,2.1746800480524664,3.8837206262143313,4056.611601489517
111,1751,2,3,1730.8502890763589,774.0372768351059,69.18434885968745,6.734614978066684,129.69941426020077,16.207559115615872,16.424783080317702,,3.14160962647362,2.174945414338228,3.8775062658582913,4056.6216014895235
112,1751,2,3,1730.8504517919187,775.6928142316211,69.18434914465371,6.733300363248499,129.68982618430525,16.209580619188525,16.425213422248433,,3.1419288462345967,2.175210851033484,3.8712943613857607,4056.63160148953
113,1751,2,3,1730.8505711850926,777.3478709386426,69.18434944586119,6.731987661075383,129.68023987676088,16.211601055374693,16.42563067173247,,3.142248072242207,2.1754763581414966,3.865084908549417,4056.641601489537
114,1751,2,3,1730.8506432989009,779.0024503907686,69.1843497604919,6.730676819589726,129.67065531406922,16.213620405839038,16.426037018568994,,3.1425673044645275,2.175741935616978,3.858877763149863,4056.6516014895437
115,1751,2,3,1730.8506639749503,780.6565564876282,69.18435008561369,6.729367785577665,129.6610724697584,16.215638651672254,16.426434731693778,,3.142886542929094,2.1760075834641412,3.8526727736961357,4056.661601489551
116,1751,2,3,1730.8506290559758,782.3101928199314,69.18435041829439,6.728060506069339,129.65149131914208,16.21765577358901,16.42682607996758,,3.143205787603982,2.1762733016377234,3.8464697898532503,4056.671601489558
117,1751,2,3,1730.850534385864,783.9633632856941,69.18435075560183,6.726754927851219,129.64191183574934,16.219671752679762,16.427213332324776,,3.143525038516729,2.176539090141951,3.8402686601306333,4056.681601489565
118,1751,2,3,1730.850375809675,785.6160714741544,69.1843510946038,6.725450997953117,129.63233399489437,16.22168656965937,16.427598757627088,,3.1438442956354087,2.1768049489315486,3.8340692341929405,4056.691601489572
119,1751,2,3,1730.85014917356,787.2683212818002,69.18435143236817,6.724148663161819,129.6227577701068,16.223700205618062,16.427984624808346,,3.14416355898756,2.1770708780107544,3.8278713605499277,4056.7016014895794
120,1751,2,3,1730.8498503248888,788.9201162964996,69.18435176596279,6.722847870506835,129.61318313670088,16.225712641270906,16.428373202730402,,3.144482828541255,2.1773368773342803,3.82167488886595,4056.7116014895864
121,1751,2,3,1730.849475112095,790.5714604130889,69.18435209245544,6.721548566775242,129.60361006820764,16.22772385770789,16.428766760327374,,3.1448021043240346,2.1776029469063793,3.8154796676510374,4056.7216014895935
122,1751,2,3,1730.8490193848336,792.2223572180823,69.18435240891398,6.720250698996269,129.5940385399414,16.22973383564428,16.42916756646041,,3.1451213863039693,2.1778690866817483,3.8092855465692974,4056.7316014896005
123,1751,2,3,1730.8484789938004,793.8728106047888,69.18435271240622,6.7189542139572636,129.58446852543398,16.231742556169824,16.42957789006476,,3.145440674508601,2.178135296664654,3.8030923741309794,4056.7416014896075
124,1751,2,3,1730.8478497909425,795.5228241583345,69.184353,6.717659058687195,129.57490000000007,16.23375,16.43,,3.145759968906,2.17840157680978,3.7969,4056.7516014896137
125,1751,2,3,1730.8471289117165,797.1724009875381,69.1843532697576,6.7163652015967905,129.56533294345337,16.235756154506888,16.430435552762898,,3.14607926950884,2.1786679271094553,3.7907083236065926,4056.7616014896203
126,1751,2,3,1730.8463186219792,798.8215413756581,69.1843535237191,6.715072697348659,129.55576735895053,16.237761032566105,16.43088375517327,,3.1463985763298017,2.1789343475578344,3.7845174469071776,4056.7716014896264
127,1751,2,3,1730.8454224696518,800.470244668522,69.18435376491902,6.713781622348845,129.54620325682018,16.239764653149187,16.43134320156818,,3.146717889336959,2.1792008381123087,3.7783275233545237,4056.781601489632
128,1751,2,3,1730.8444440018131,802.1185105181556,69.18435399639192,6.712492052762787,129.53664064560957,16.24176703560097,16.431812486369147,,3.147037208557861,2.1794673987798983,3.7721387052483593,4056.791601489638
129,1751,2,3,1730.843386765049,803.7663382685969,69.18435422117231,6.711204064996255,129.52707953564754,16.2437681988932,16.432290203911265,,3.1473565339605813,2.1797340295179812,3.7659511460412602,4056.8016014896443
130,1751,2,3,1730.8422543050845,805.413727569912,69.18435444229476,6.709917735214974,129.51751993548223,16.245768162370474,16.43277494861776,,3.147675865572671,2.18000073033359,3.7597649980331758,4056.81160148965
131,1751,2,3,1730.8410501671967,807.0606777643395,69.18435466279375,6.708633139824416,129.5079618554427,16.247766945004752,16.43326531482229,,3.1479952033622016,2.18026750118409,3.753580414676433,4056.8216014896557
132,1751,2,3,1730.8397778957556,808.7071885000158,69.18435488570385,6.707350354990619,129.4984053040777,16.249764566140385,16.43375989694925,,3.1483145473567253,2.1805343420765273,3.747397548271259,4056.831601489662
133,1751,2,3,1730.8384410347146,810.3532591173795,69.18435511405957,6.706069457118724,129.48885029171663,16.251761044749532,16.434257289331388,,3.1486338975243124,2.1808012529682532,3.7412165522696736,4056.841601489668
134,1751,2,3,1730.8370431271214,811.9988892625915,69.18435535089544,6.704790522375115,129.47929682690915,16.253756400176314,16.43475608639375,,3.1489532538925173,2.1810682338663283,3.7350375789722388,4056.8516014896736
135,1751,2,3,1730.8355877156284,813.6440782743077,69.18435559924602,6.703513627164575,129.4697449199848,16.25575065139309,16.43525488246869,,3.1492726164294083,2.1813352847280894,3.728860781830613,4056.8616014896797
136,1751,2,3,1730.834078341934,815.2888257967793,69.18435586214584,6.7022388476538595,129.4601945794938,16.25774381774375,16.43575227198139,,3.14959198516254,2.1816024055606102,3.7226863131457475,4056.8716014896863
137,1751,2,3,1730.832518369936,816.9331312030797,69.18435614250238,6.700966259455956,129.45064581531543,16.259735917243052,16.436246884414505,,3.149911360059982,2.1818695963212864,3.716514319988297,4056.8816014896925
138,1751,2,3,1730.8309070813912,818.5769950045903,69.184356440302,6.699695919744165,129.4410986251909,16.26172694624791,16.43673815779699,,3.1502307411492962,2.182136857018902,3.7103448015255798,4056.8916014896995
139,1751,2,3,1730.8292396774066,820.2204182392028,69.18435675260969,6.698427867726184,129.43155299828052,16.263716878715304,16.43722633851999,,3.150550128398566,2.1824041876140945,3.7041776113208273,4056.9016014897065
140,1751,2,3,1730.8275111821108,821.8634022875518,69.1843570763635,6.697162141581885,129.4220089215161,16.265705688015174,16.43771170821604,,3.150869521835362,2.1826715881173597,3.6980125954077283,4056.911601489713
141,1751,2,3,1730.8257166207318,823.5059482245549,69.18435740850147,6.695898779727123,129.41246638360764,16.2676933471469,16.43819454842698,,3.1511889214277655,2.182939058489391,3.691849600968507,4056.92160148972
142,1751,2,3,1730.823851018966,825.1480574314716,69.18435774596166,6.69463782034221,129.4029253714879,16.269679829480186,16.43867514078486,,3.15150832720335,2.1832065987406972,3.685688474037242,4056.9316014897277
143,1751,2,3,1730.8219094036333,826.7897309840517,69.18435808568209,6.693379301842552,129.39338587386698,16.271665108014613,16.439153766831968,,3.1518277391301948,2.183474208831961,3.6795290617957988,4056.9416014897342
144,1751,2,3,1730.8198868019897,828.4309702642036,69.18435842460082,6.6921232624089155,129.38384787767845,16.27364915611964,16.439630708199957,,3.152147157235874,2.1837418887737035,3.6733712102785874,4056.9516014897417
145,1751,2,3,1730.8177782424368,830.0717763484815,69.18435875965584,6.690869740456248,129.37431137163273,16.275631946795066,16.440106246431462,,3.1524665814884676,2.1840096385265935,3.667214766667168,4056.9616014897492
146,1751,2,3,1730.815578753762,831.7121506194869,69.18435908778524,6.689618774165781,129.36477634266396,16.277613453410094,16.440580663157842,,3.1527860119155497,2.184277458101165,3.6610595769962293,4056.9716014897563
147,1751,2,3,1730.8132833659522,833.3520941545654,69.18435940592704,6.68837040195199,129.35524277948298,16.27959364896474,16.441054239921968,,3.153105448485198,2.184545347458074,3.6549054884470804,4056.981601489763
148,1751,2,3,1730.8108871093395,834.9916083369876,69.18435971101928,6.687124661996585,129.34571066902467,16.281572506827967,16.441527258355023,,3.153424891224989,2.1848133066078685,3.6487523470546313,4056.99160148977
149,1751,2,3,1730.8083850154615,836.6306942449323,69.18436,6.685881592713555,129.33618000000007,16.28355,16.442,,3.153744340103,2.18508133551119,3.6426,4057.0016014897765
150,1751,2,3,1730.805773740792,838.2693529690287,69.1843602708291,6.684641212251739,129.32665076324324,16.28552611067073,16.442472746080302,,3.1540637951319335,2.1853494341668376,3.636448344751954,4057.0116014897826
151,1751,2,3,1730.8030564400806,839.9075847315015,69.18436052555406,6.6834034583962225,129.3171229634078,16.287500856682446,16.44294577627661,,3.154383256324498,2.185617602576514,3.6302974833683974,4057.021601489789
152,1751,2,3,1730.800237892319,841.5453893075604,69.18436076724414,6.6821682490138805,129.307596609933,16.289474264514784,16.44341936981784,,3.1547027236487777,2.1858858407051813,3.6241475699137324,4057.0316014897953
153,1751,2,3,1730.797322875259,843.1827667761567,69.18436099896869,6.6809355017412715,129.29807171048384,16.29144636101505,16.443893806021084,,3.155022197132358,2.186154148567759,3.6179987573067702,4057.041601489801
154,1751,2,3,1730.7943161664425,844.8197169098643,69.18436122379698,6.679705134444802,129.2885482744999,16.293417172663112,16.44436936411514,,3.1553416767433218,2.1864225261291956,3.611851199611723,4057.0516014898067
155,1751,2,3,1730.791222542132,846.4562397848478,69.18436144479836,6.678477064761481,129.27902630964707,16.295386726306027,16.444846323417273,,3.1556611625092565,2.1866909734044233,3.6057050497476206,4057.061601489813
156,1751,2,3,1730.78804677842,848.0923351710658,69.18436166504209,6.67725121055728,129.26950582536514,16.297355048423885,16.44532496315604,,3.1559806543982423,2.186959490358379,3.5995604617784287,4057.0716014898185
157,1751,2,3,1730.7847936500832,849.72800314194,69.18436188759753,6.67602748946963,129.2599868293206,16.299322165863483,16.44580556264901,,3.156300152437869,2.187228077006007,3.593417588623453,4057.081601489824
158,1751,2,3,1730.7814679317871,851.3632434647881,69.18436211553396,6.674805819364096,129.2504693309537,16.30128810510512,16.446288401124388,,3.1566196565962144,2.18749673331223,3.5872765843463528,4057.0916014898303
159,1751,2,3,1730.7780743968397,852.9980562102727,69.1843623519207,6.6735861178784965,129.24095333793161,16.303252892995367,16.446773757900136,,3.1569391669008713,2.187765459292007,3.5811376018667698,4057.1016014898364
160,1751,2,3,1730.77461781846,854.6324411431262,69.18436259982705,6.672368302878026,129.23143885969466,16.3052165560147,16.44726191220402,,3.1572586833199163,2.188034254910248,3.5750007952479996,4057.111601489842
161,1751,2,3,1730.7711029685063,856.2663983312281,69.18436286232236,6.671152292000862,129.22192590391094,16.30717912100947,16.447753143354493,,3.1575782058809407,2.1883031201819234,3.5688663174100745,4057.1216014898487
162,1751,2,3,1730.7675344381491,857.8999276044009,69.18436314234793,6.66993800802792,129.21241447938377,16.309140613521556,16.44824769562145,,3.1578977345520225,2.1885720550720453,3.5627343160228326,4057.1316014898553
163,1751,2,3,1730.7639126629026,859.5330306529478,69.18436343990287,6.668725486583333,129.20290457848628,16.31110103786609,16.448745009347924,,3.1582172693607604,2.188841059598341,3.556604790573813,4057.141601489862
164,1751,2,3,1730.7602339250166,861.1657104194657,69.18436375204377,6.667514876586797,129.19339618070572,16.313060376400774,16.449243720765995,,3.158536810275241,2.1891101337310657,3.5504775946526075,4057.151601489869
165,1751,2,3,1730.7564943263826,862.7979702179558,69.18436407569939,6.666306331648412,129.18388926312082,16.315018610909544,16.449742431243077,,3.1588563573230717,2.189379277490705,3.544352574314263,4057.161601489876
166,1751,2,3,1730.7526899705667,864.4298130579083,69.18436440779838,6.665100005603573,129.17438380458123,16.31697572281149,16.450239742053785,,3.1591759104723383,2.189648490847614,3.5382295767549112,4057.1716014898825
167,1751,2,3,1730.748816961417,866.06124225226,69.18436474526953,6.6638960520627775,129.16487978216657,16.318931693890327,16.450734254565415,,3.1594954697506497,2.1899177738222906,3.5321084480299914,4057.18160148989
168,1751,2,3,1730.7448714044497,867.6922608096273,69.18436508504153,6.662694624860992,129.15537717472668,16.32088650556533,16.451224570052958,,3.1598150351260896,2.19018712638508,3.525989035335273,4057.1916014898975
169,1751,2,3,1730.7408494054541,869.3228720419539,69.18436542404314,6.661495877609174,129.14587595934177,16.322840139619995,16.451709289883055,,3.1601346066262677,2.19045654855649,3.5198711847265285,4057.201601489904
170,1751,2,3,1730.7367470719103,870.9530789569682,69.18436575920303,6.6602999641418,129.13637611486203,16.3247925774738,16.452187015331628,,3.1604541842192675,2.190726040306854,3.5137547433992222,4057.2116014899116
171,1751,2,3,1730.7325605115188,872.5828848656544,69.18436608744994,6.659107038070344,129.12687761836813,16.326743800909995,16.452656347764137,,3.1607737679326995,2.1909956016566934,3.507639557409403,4057.2216014899186
172,1751,2,3,1730.7282858337228,874.2122927748633,69.18436640571258,6.657917253228742,129.11738044871066,16.32869379134827,16.453115888457937,,3.1610933577346465,2.1912652325763275,3.501525473952288,4057.231601489925
173,1751,2,3,1730.723919148134,875.8413059945968,69.18436671091969,6.656730763229034,129.10788458297097,16.330642530571637,16.453564238776785,,3.161412953652719,2.1915349330862903,3.4954123390841447,4057.2416014899322
174,1751,2,3,1730.7194565661487,877.4699275308557,69.184367,6.655547721904561,129.09839,16.332590000000003,16.454,,3.161732555655,2.19180470315689,3.4893,4057.251601489939
175,1751,2,3,1730.7148954060383,879.0981597457283,69.18436727090604,6.6543682413050504,129.0888966840182,16.33453618709376,16.454422380490115,,3.162052163754219,2.1920745427972608,3.483188354070862,4057.2616014899454
176,1751,2,3,1730.7102378125217,880.726001516316,69.1843675256858,6.65319226700977,129.07940464603212,16.336481102386042,16.454833016688532,,3.162371777963113,2.1923444520211715,3.477077502787862,4057.2716014899515
177,1751,2,3,1730.7054871367557,882.3534506208971,69.18436776741108,6.652019703144413,129.06991390507045,16.338424761906516,16.455234151999875,,3.16269139824977,2.1926144308058384,3.4709675995257823,4057.2816014899577
178,1751,2,3,1730.7006467281417,883.9805051405233,69.1843679991537,6.650850453615941,129.06042447839457,16.340367182046993,16.45562802990453,,3.1630110246418117,2.1928844791787574,3.464858796521271,4057.291601489964
179,1751,2,3,1730.6957199361034,885.6071628528176,69.18436822398542,6.649684422549419,129.05093638503357,16.342308378837387,16.456016893808684,,3.163330657107325,2.193154597117133,3.4587512471489217,4057.301601489969
180,1751,2,3,1730.6907101082531,887.2334218380402,69.18436844497809,6.648521513852417,129.04144964224957,16.344248368669266,16.456402987191566,,3.163650295673933,2.1934247846484722,3.452645103645601,4057.311601489975
181,1751,2,3,1730.6856205922509,888.8592798731831,69.18436866520351,6.64736163164941,129.03196426907186,16.34618716757273,16.456788553460107,,3.163969940309721,2.193695041749968,3.4465405193856538,4057.3216014899813
182,1751,2,3,1730.680454733942,890.484735037733,69.18436888773347,6.646204679848539,129.02248028276315,16.34812479193912,16.457175836093224,,3.164289591042314,2.1939653684491414,3.4404376466062225,4057.3316014899865
183,1751,2,3,1730.6752158792397,892.1097851080285,69.18436911563981,6.645050562573725,129.01299770235298,16.350061257798743,16.457567078497725,,3.1646092478397962,2.1942357647231696,3.4343366386813496,4057.3416014899926
184,1751,2,3,1730.669907372217,893.7344281627662,69.1843693519943,6.643899183733646,129.0035165451047,16.3519965815427,16.45796452415307,,3.1649289107297918,2.194506230599589,3.4282376478485093,4057.3516014899988
185,1751,2,3,1730.6645325570585,895.3586619776117,69.18436959986876,6.642750447451705,128.99403683004817,16.3539307792015,16.458370416465115,,3.165248579680385,2.194776766055562,3.4221408274813814,4057.3616014900044
186,1751,2,3,1730.6590947760706,896.9824846304792,69.18436986233503,6.641604257637082,128.98455857444733,16.35586386716601,16.458786998914686,,3.165568254719203,2.1950473711186387,3.416046329817832,4057.371601490011
187,1751,2,3,1730.6535972319773,898.60589399995,69.18437014233685,6.640460522428258,128.97508179654085,16.357795860801616,16.459216438353028,,3.1658879358143275,2.195318045766151,3.409954301909163,4057.3816014900176
188,1751,2,3,1730.6480399124355,900.2288906482861,69.18437043987423,6.639319242108456,128.9656064946046,16.35972676053137,16.45965914099524,,3.1662076229933915,2.195588790030026,3.4038647442666576,4057.391601490024
189,1751,2,3,1730.6424195930758,901.8514772166445,69.18437075200315,6.638180509531714,128.95613265048183,16.361656551116276,16.460113752260163,,3.1665273162244882,2.19585960389595,3.3977775131310377,4057.401601490031
190,1751,2,3,1730.6367329096315,903.4736567515176,69.18437107565168,6.637044421355291,128.94666024346012,16.36358521701157,16.460578841097316,,3.1668470155352573,2.1961304874002274,3.3916924572870046,4057.4116014900383
191,1751,2,3,1730.63097649972,905.095431996762,69.1843714077479,6.635911074448305,128.93718925459163,16.365512742313125,16.461052976370638,,3.1671667208937904,2.196401440528713,3.3856094266529007,4057.421601490045
192,1751,2,3,1730.6251470007594,906.7168059978726,69.18437174521985,6.6347805654685255,128.92771966316462,16.36743911147596,16.461534727031452,,3.167486432327729,2.1966724633177233,3.3795282700138185,4057.4316014900523
193,1751,2,3,1730.6192410520707,908.3377814978495,69.18437208499556,6.633652991284545,128.91825145023154,16.36936430859615,16.46202266194215,,3.167806149805164,2.1969435557531014,3.373448837287739,4057.44160149006
194,1751,2,3,1730.6132552927536,909.9583615412005,69.1843724240031,6.632528448554669,128.90878459508133,16.371288318128464,16.462515350055344,,3.1681258733537363,2.197214717871177,3.36737097726009,4057.451601490067
195,1751,2,3,1730.607186363819,911.5785488701122,69.18437275917053,6.631407034146937,128.89931907876652,16.373211124169178,16.463011360232407,,3.168445602941537,2.1974859496577794,3.3612945398485423,4057.461601490074
196,1751,2,3,1730.6010309060368,913.1983465281038,69.18437308742587,6.630288844720229,128.88985488057688,16.375132711172842,16.463509261426708,,3.168765338596208,2.1977572511492522,3.3552193738388056,4057.471601490081
197,1751,2,3,1730.594785562123,914.8177572565373,69.1843734056972,6.629173977141992,128.88039198156514,16.37705306323593,16.46400762249912,,3.169085080285839,2.1980286223314116,3.3491453291483,4057.481601490088
198,1751,2,3,1730.588446974501,916.4367840979683,69.18437371091257,6.628062528071714,128.8709303610218,16.37897216481275,16.464505012403244,,3.1694048280380738,2.1983000632406124,3.3430722545629554,4057.4916014900946
199,1751,2,3,1730.5820117875876,918.0554297929257,69.184374,6.626954594376216,128.86147,16.38089,16.465,,3.169724581821,2.19857157386266,3.337,4057.501601490101
200,1751,2,3,1730.5754776488423,919.6736969790328,69.18437427091158,6.625850257862161,128.8520108814907,16.382806558444496,16.465491460890046,,3.170044341647374,2.1988431542231046,3.3309284634009444,4057.5116014901078
201,1751,2,3,1730.5688462185185,921.2915869784708,69.18437452569526,6.624749540717639,128.84255300152373,16.384721850920794,16.46597949735405,,3.1703641075299585,2.1991148043548336,3.324857738198244,4057.521601490114
202,1751,2,3,1730.5621201607134,922.9091005577076,69.18437476742307,6.623652450379618,128.8330963607095,16.386635893217857,16.46646451827474,,3.170683879436847,2.1993865242546145,3.3187879675451093,4057.53160149012
203,1751,2,3,1730.5553021380454,924.5262387833656,69.18437499916699,6.622558994080379,128.82364095789734,16.388548701481323,16.466946932625493,,3.1710036573956937,2.1996583139698194,3.3127192934640854,4057.541601490126
204,1751,2,3,1730.5483948141273,926.1430024197223,69.18437522399896,6.621469179256211,128.8141867936978,16.390460291500393,16.467427149289563,,3.1713234413745908,2.199930173497203,3.306651859108191,4057.551601490132
205,1751,2,3,1730.5414008510606,927.7593925310437,69.184375444991,6.620383013140074,128.80473386696087,16.392370679420438,16.46790557723986,,3.1716432314011938,2.2002021028841496,3.30058580650019,4057.5616014901375
206,1751,2,3,1730.5343229119858,929.375409879405,69.1843756652151,6.619300503167579,128.79528217829736,16.394279881030872,16.46838262536002,,3.171963027443594,2.200474102127402,3.2945212787928564,4057.5716014901436
207,1751,2,3,1730.527163658514,930.9910555267371,69.18437588774324,6.618221656572364,128.7858317265579,16.39618791247684,16.468858702622676,,3.172282829529447,2.2007461712743575,3.2884584180092244,4057.5816014901493
208,1751,2,3,1730.5199257533034,932.6063302329437,69.18437611564741,6.61714648078936,128.77638251235328,16.398094789547965,16.469334217911662,,3.1726026376268446,2.2010183103217447,3.282397367301771,4057.591601490155
209,1751,2,3,1730.5126118574635,934.2212350576111,69.18437635199959,6.616074983052889,128.76693453453493,16.40000052838914,16.469809580199467,,3.172922451763444,2.2012905193169745,3.2763382686938542,4057.601601490161
210,1751,2,3,1730.5052246331852,935.8357707584602,69.18437659987177,6.615007170797195,128.75748779371378,16.401905144790184,16.47028519837,,3.1732422719073323,2.201562798256762,3.270281265337601,4057.6116014901672
211,1751,2,3,1730.497766741086,937.44993839279,69.18437686233594,6.613943051257287,128.74804228874166,16.40380865489578,16.47076148139576,,3.1735620980861707,2.201835147188533,3.264226499256746,4057.6216014901734
212,1751,2,3,1730.4902407188574,939.0637387218372,69.18437714233606,6.612882632376782,128.7385980200311,16.405711073800262,16.47123882537831,,3.173881930268046,2.202107566109275,3.2581741082886215,4057.63160149018
213,1751,2,3,1730.4826462496903,940.6771729387077,69.18437743987216,6.611825933632785,128.729154981661,16.407612400952086,16.471717332516224,,3.1742017684806223,2.202380055073327,3.2521241069119937,4057.6416014901865
214,1751,2,3,1730.4749801655194,942.2902420678605,69.18437775200023,6.610772986430924,128.7197131648952,16.40951261944509,16.472196810927212,,3.174521612691993,2.202652614090891,3.246076388501751,4057.6516014901936
215,1751,2,3,1730.4672391733188,943.9029474401608,69.18437807564827,6.609723822490414,128.71027255903977,16.411411712031477,16.472677056035955,,3.174841462929829,2.202925243223219,3.2400308399916975,4057.6616014902006
216,1751,2,3,1730.459419982023,945.5152900861054,69.18437840774428,6.608678473726237,128.7008331551598,16.413309661109633,16.473157863177754,,3.175161319162222,2.203197942480788,3.2339873494419167,4057.6716014902076
217,1751,2,3,1730.4515192996364,947.1272713367105,69.18437874521628,6.607636971858314,128.69139494256206,16.415206449431533,16.473639027777395,,3.175481181416844,2.2034707119248607,3.2279458037866036,4057.6816014902147
218,1751,2,3,1730.4435338361284,948.7388922228164,69.18437908499226,6.606599348800916,128.68195791231153,16.417102059395752,16.47412034517011,,3.1758010496617857,2.203743551565902,3.2219060910854704,4057.691601490222
219,1751,2,3,1730.4354603005188,950.3501540755562,69.18437942400023,6.605565636274684,128.67252205371588,16.41899647375403,16.474601610780738,,3.176120923924719,2.2040164614651894,3.2158680982730647,4057.7016014902297
220,1751,2,3,1730.4272954038195,951.9610579261225,69.18437975916818,6.604535866193163,128.66308735784003,16.420889674905148,16.475082619944484,,3.176440804173735,2.2042894416331733,3.209831713408766,4057.7116014902363
221,1751,2,3,1730.4190358560531,953.5716051058304,69.18438008742415,6.603510070277723,128.65365381399215,16.42278164560061,16.47556316808616,,3.1767606904365064,2.204562492131145,3.2037968234274343,4057.7216014902433
222,1751,2,3,1730.4106783692696,955.181796646137,69.18438040569609,6.6024882804411735,128.64422141323763,16.42467236823941,16.476043050541048,,3.177080582681122,2.20483561296954,3.197763316388158,4057.731601490251
223,1751,2,3,1730.4022196544888,956.7916338785724,69.18438071091205,6.6014705284056285,128.63479014488505,16.426561825572804,16.476522062733856,,3.1774004809352574,2.205108804209664,3.191731079226066,4057.741601490257
224,1751,2,3,1730.3936564248036,958.401117834889,69.184381,6.600456846083148,128.62536000000006,16.42845,16.477,,3.177720385167,2.20538206586194,3.1857,4057.751601490264
225,1751,2,3,1730.3849866345138,960.0102495237614,69.18438127091196,6.599447264587499,128.6159309714334,16.430336880923637,16.47747676010379,,3.1780402953891294,2.205655397977843,3.1796699847139096,4057.7616014902706
226,1751,2,3,1730.376213205599,961.6190289610248,69.18438152569595,6.598441812409147,128.60650306444631,16.432222484703903,16.477952650257116,,3.178360211614433,2.205928800620404,3.1736410145232385,4057.771601490276
227,1751,2,3,1730.3673403026112,963.2274556886935,69.18438176742393,6.597440517522906,128.59707628871985,16.43410683417707,16.478428079967358,,3.178680133811008,2.2062022738173477,3.167613090213467,4057.7816014902824
228,1751,2,3,1730.3583720878428,964.8355295473018,69.18438199916793,6.596443407716693,128.5876506521794,16.435989952530488,16.478903458830523,,3.179000062006541,2.2064758176473287,3.161586211447192,4057.7916014902885
229,1751,2,3,1730.3493127246186,966.443250076795,69.18438222399992,6.595450510964547,128.57822616450613,16.437871862600645,16.479379196354046,,3.1793199961691276,2.2067494321380576,3.1555603790096978,4057.801601490294
230,1751,2,3,1730.3401663739558,968.0506171155271,69.18438244499193,6.594461855055168,128.5688028336259,16.43975258757466,16.47985570213395,,3.1796399363264554,2.207023117368203,3.1495355925637742,4057.8116014903
231,1751,2,3,1730.3309371979492,969.6576302013461,69.18438266521592,6.593477467961805,128.5593806692202,16.44163215028921,16.480333385677575,,3.179959882446619,2.2072968733654617,3.1435118528945125,4057.821601490306
232,1751,2,3,1730.3216293563617,971.2642891703942,69.18438288774394,6.592497377473955,128.5499596792155,16.44351057393119,16.48081265658112,,3.180279834557308,2.2075707002085156,3.137489159664897,4057.8316014903116
233,1751,2,3,1730.3122470100682,972.8705935584507,69.18438311564796,6.591521611564066,128.54053987329345,16.44538788133748,16.48129392435166,,3.1805997926266154,2.207844597925048,3.131467513659824,4057.8416014903173
234,1751,2,3,1730.3027943175723,974.476543199459,69.18438335199997,6.590550198022438,128.53112125938114,16.44726409569474,16.481777598585747,,3.1809197566822314,2.2081185665937544,3.125446914542473,4057.851601490324
235,1751,2,3,1730.2932754385338,976.0821376271437,69.18438359987198,6.589583164820712,128.5217038471602,16.44913923984005,16.482264088790036,,3.1812397266922483,2.2083926062423056,3.119427363097545,4057.8616014903296
236,1751,2,3,1730.2836945302226,977.6873766732284,69.184383862336,6.588620539750002,128.51228764455848,16.451013336959846,16.48275380456156,,3.181559702684357,2.2086667169494087,3.113408858988415,4057.8716014903357
237,1751,2,3,1730.2740555995797,979.2922599567303,69.18438414233599,6.587662350685023,128.50287266054514,16.452886409137342,16.4832471170077,,3.1818796846266495,2.2089408987431747,3.107391405320068,4057.8816014903427
238,1751,2,3,1730.264359166886,980.8967894040686,69.18438443987202,6.5867086231112095,128.49345888594436,16.45475846146161,16.483743514156792,,3.1821996725468202,2.209215151713173,3.10137505744758,4057.891601490349
239,1751,2,3,1730.2546022703052,982.5009686514744,69.184384752,6.5857593804816545,128.4840462969424,16.456629481329838,16.48424160077449,,3.182519666412963,2.209489475908295,3.095359925217785,4057.901601490356
240,1751,2,3,1730.2447817956477,984.1048017206581,69.18438507564801,6.5848146459761185,128.47463486725985,16.458499455733755,16.48473994332025,,3.182839666252776,2.209763871428974,3.089346119677483,4057.911601490363
241,1751,2,3,1730.2348946315208,985.7082923339112,69.184385407744,6.583874442950752,128.46522457237032,16.46036837131667,16.485237108160817,,3.1831596720343525,2.2100383383245403,3.0833337529937497,4057.92160149037
242,1751,2,3,1730.2249376656687,987.3114445115025,69.18438574521602,6.582938794586158,128.45581538599498,16.4622362150701,16.48573166175557,,3.1834796837853907,2.2103128766954394,3.0773229362136414,4057.931601490377
243,1751,2,3,1730.2149077886459,988.9142619744505,69.184386084992,6.582007724237641,128.44640728360744,16.464102973637544,16.48622217047161,,3.1837997014739843,2.2105874865909882,3.0713137815039566,4057.9416014903845
244,1751,2,3,1730.2048018901337,990.5167487415977,69.18438642400001,6.581081255086656,128.43700023892947,16.4659686340103,16.48670720076769,,3.1841197251278315,2.210862168111647,3.065306399912051,4057.9516014903916
245,1751,2,3,1730.1946168626293,992.1189085326672,69.18438675916802,6.580159410487649,128.4275942274349,16.467833182832067,16.48718531901179,,3.1844397547150245,2.2111369213067187,3.059300903604403,4057.9616014903986
246,1751,2,3,1730.1843495977187,993.7207453651159,69.18438708742401,6.579242213622936,128.41818922284594,16.469696607093926,16.487655091661516,,3.1847597902632647,2.2114117462766765,3.0532974036287093,4057.971601490406
247,1751,2,3,1730.1739969898676,995.3222629573683,69.184387405696,6.578329687846103,128.40878520063677,16.471558893439752,16.488115085086278,,3.185079831740641,2.2116866430708098,3.0472960121510853,4057.9816014904127
248,1751,2,3,1730.163555932559,996.9234653255401,69.184387710912,6.577421856340329,128.39938213452993,16.473420028860417,16.488563865741984,,3.1853998791748563,2.2119616117896057,3.041296840219611,4057.9916014904193
249,1751,2,3,1730.1530233222031,998.5243561867553,69.184388,6.576518742458329,128.38998000000004,16.47528,16.489,,3.185719932534,2.21223665248234,3.0353,4058.0016014904263
250,1751,2,3,1730.1423965456024,1000.1249388517781,69.184388270912,6.575620374213752,128.38057877554863,16.477138795792783,16.489422668691788,,3.1860399918308713,2.2125117652412207,3.0293055609766704,4058.0116014904324
251,1751,2,3,1730.131674953823,1001.7252141128278,69.184388525696,6.574726798772615,128.37117845704125,16.478996413293487,16.489833510234813,,3.1863600570782764,2.2127869501765525,3.0233134252618283,4058.0216014904386
252,1751,2,3,1730.1208583903654,1003.3251819089255,69.18438876742398,6.573838068213521,128.36177904599722,16.480852851327516,16.490234777386565,,3.186680128244309,2.213062207364712,3.017323453961553,4058.0316014904447
253,1751,2,3,1730.1099466966778,1004.9248424769044,69.184388999168,6.5729542344490905,128.3523805421854,16.48270810906618,16.490628722980297,,3.187000205356681,2.2133375369333432,3.011335507065994,4058.0416014904504
254,1751,2,3,1730.0989397161666,1006.5241957554636,69.18438922399999,6.572075349557023,128.3429829471251,16.484562185335076,16.491017599775066,,3.187320288383484,2.2136129389588124,3.00534944568084,4058.0516014904565
255,1751,2,3,1730.0878372901657,1008.1232419809827,69.18438944499201,6.5712014654508515,128.33358626058575,16.486415079305278,16.49140366060297,,3.187640377352431,2.213888413568775,2.999365129796606,4058.0616014904626
256,1751,2,3,1730.0766392620042,1009.7219810918112,69.18438966521599,6.570332634207349,128.32419048408693,16.4882667898026,16.4917891582238,,3.187960472231614,2.2141639608395836,2.9933824205186412,4058.071601490468
257,1751,2,3,1730.06534547288,1011.3204133239202,69.184389887744,6.569468907740988,128.31479561739823,16.490117315997875,16.492176345469343,,3.188280573048747,2.2144395808989086,2.987401177837773,4058.081601490474
258,1751,2,3,1730.0539557660459,1012.9185386153065,69.184390115648,6.568610338127591,128.30540166203954,16.491966656717114,16.492567475099275,,3.1886006797719193,2.2147152738230873,2.9814212628590653,4058.09160149048
259,1751,2,3,1730.0424699825687,1014.5163572015327,69.18439035200001,6.56775697728259,128.2960086177807,16.493814811130903,16.492964799945923,,3.1889207924288465,2.2149910397398043,2.975442535573604,4058.101601490486
260,1751,2,3,1730.0308879656145,1016.1138690202351,69.18439059987199,6.566908877280843,128.2866164861419,16.49566177806548,16.493370572768015,,3.1892409109876176,2.2152668787253846,2.96946485708622,4058.111601490492
261,1751,2,3,1730.0192095561458,1017.7110743065265,69.18439086233602,6.566066090038753,128.27722526689348,16.497507556691193,16.49378704639923,,3.1895610354759487,2.215542790907524,2.963488087388208,4058.1216014904985
262,1751,2,3,1730.0074346548809,1019.3079730410215,69.184391142336,6.565228668476963,128.2678349613775,16.49935214621345,16.494216396796695,,3.189881165861928,2.2158187763632395,2.9575120933853185,4058.1316014905046
263,1751,2,3,1729.995564486284,1020.9045664964534,69.18439143987202,6.564396684835299,128.25844556509347,16.501195554897745,16.49465903360014,,3.190201302173276,2.216094835237134,2.951536874295472,4058.141601490511
264,1751,2,3,1729.983601602994,1022.5008566420283,69.18439175200001,6.5635702309847135,128.24905707119672,16.503037799382515,16.49511359997185,,3.190521444378086,2.2163709676385857,2.9455625638749936,4058.1516014905183
265,1751,2,3,1729.971548613094,1024.0968457862357,69.184392075648,6.562749399488482,128.23966947091563,16.504878897028412,16.49557866235778,,3.190841592504082,2.2166471737291062,2.939589300568431,4058.1616014905253
266,1751,2,3,1729.9594081269317,1025.6925359388406,69.18439240774401,6.561934283063288,128.23028275722763,16.50671886485305,16.49605278711829,,3.1911617465193576,2.216923453618764,2.933617223933029,4058.1716014905323
267,1751,2,3,1729.947182752617,1027.2879294054892,69.184392745216,6.561124974273461,128.22089692136166,16.50855772021685,16.49653454070114,,3.191481906451638,2.2171998074690835,2.927646472413544,4058.18160149054
268,1751,2,3,1729.9348751005648,1028.883028193247,69.184393084992,6.560321565834613,128.2115119562952,16.510395480137635,16.497022489465163,,3.191802072269015,2.217476235390119,2.9216771855669865,4058.1916014905464
269,1751,2,3,1729.9224877789277,1030.4778346049404,69.18439342399999,6.559524150312163,128.20212785325768,16.5122321619756,16.49751519985939,,3.1921222439992145,2.2177527375434103,2.9157095018383723,4058.201601490554
270,1751,2,3,1729.91002339817,1032.0723506449615,69.18439375916799,6.558732820420612,128.19274460522655,16.51406778274875,16.498011238241634,,3.1924424216103264,2.218029314038997,2.9097435607844266,4058.211601490561
271,1751,2,3,1729.8974845664907,1033.6665786133146,69.18439408742401,6.557947668726508,128.1833622034318,16.515902359817087,16.498509171061688,,3.192762605130081,2.218305965038432,2.903779500850477,4058.221601490568
272,1751,2,3,1729.8848738944248,1035.2605205117222,69.184394405696,6.557168787943213,128.1739806408509,16.517735910198788,16.499007564676862,,3.193082794526565,2.218582690651742,2.897817461592911,4058.231601490575
273,1751,2,3,1729.8721939902211,1036.8541786373746,69.184394710912,6.556396270638428,128.16459990871445,16.51956845125364,16.499504985537175,,3.193402989827509,2.2188594910404937,2.891857581457419,4058.241601490582
274,1751,2,3,1729.8594474644906,1038.447554989316,69.184395,6.555630209524338,128.15521999999999,16.5214,16.5,,3.193723191001,2.2191363663147,2.8859,4058.251601490588
275,1751,2,3,1729.8466363135183,1040.0406514205977,69.18439527091199,6.554870666861821,128.14584090772792,16.52323056979499,16.500491481689906,,3.194043398059858,2.2194133166300203,2.8799448145518887,4058.261601490595
276,1751,2,3,1729.8337600831637,1041.6334683146424,69.18439552569599,6.554117583540019,128.13646263032922,16.525060158326475,16.500979533021482,,3.1943636110169003,2.219690342170034,2.873991956876271,4058.271601490601
277,1751,2,3,1729.8208177085353,1043.2260054650797,69.184395767424,6.5533708702098865,128.1270851688981,16.52688875910951,16.50146456353886,,3.194683829840212,2.219967443086599,2.86804131817576,4058.2816014906066
278,1751,2,3,1729.8078081223523,1044.8182629622559,69.18439599916799,6.5526304373827,128.11770852278218,16.528716365999838,16.501946982876824,,3.195004054557524,2.2202446195831786,2.862092788544361,4058.2916014906127
279,1751,2,3,1729.7947302597731,1046.410240600031,69.184396224,6.551896195708236,128.10833269307548,16.530542972512674,16.502427200580026,,3.1953242851369192,2.2205218718116155,2.856146259184287,4058.301601490619
280,1751,2,3,1729.7815830535787,1048.001938468832,69.18439644499199,6.5511680556989305,128.09895767912607,16.53236857250356,16.5029056262828,,3.195644521606128,2.220799199975387,2.850201620189925,4058.3116014906245
281,1751,2,3,1729.768365438993,1049.5933563626902,69.18439666521598,6.550445928003419,128.0895834820282,16.534193159487884,16.503382669530176,,3.195964763933235,2.2210766042263215,2.8442587627631237,4058.32160149063
282,1751,2,3,1729.755076348843,1051.184494372105,69.184396887744,6.549729723135263,128.08021010113038,16.536016727320995,16.5038587399562,,3.1962850121459705,2.2213540847679116,2.8383175769986155,4058.3316014906363
283,1751,2,3,1729.7417147184244,1052.7753522913056,69.18439711564801,6.549019351741985,128.07083753752693,16.537839269518454,16.504334247106108,,3.196605266212417,2.221631641751971,2.832377954097925,4058.341601490642
284,1751,2,3,1729.7282794806054,1054.3659302108806,69.184397352,6.548314724338246,128.06146579056676,16.539660779935407,16.504809600613793,,3.1969255261603076,2.2219092753820058,2.8264397841560855,4058.351601490648
285,1751,2,3,1729.7147695707463,1055.9562279252414,69.18439759987199,6.547615751570486,128.0520948613443,16.5414812520876,16.50528521002459,,3.197245791957722,2.2221869858098153,2.8205029583743424,4058.3616014906543
286,1751,2,3,1729.70118392175,1057.5462455250617,69.184397862336,6.546922343954427,128.04272474920887,16.54330067982996,16.505761484972382,,3.1975660636323955,2.2224647732389218,2.8145673668479887,4058.3716014906604
287,1751,2,3,1729.6875215024575,1059.1359828971113,69.184398142336,6.546234417714394,128.03335545475662,16.5451190569781,16.50623882220342,,3.1978863411524068,2.222742637822181,2.8086329028729886,4058.381601490667
288,1751,2,3,1729.6737820473581,1060.725442344701,69.18439843987201,6.545552017261337,128.02398696537122,16.546936384578707,16.506717324175938,,3.1982066245454943,2.2230205797888596,2.8026995068238665,4058.391601490674
289,1751,2,3,1729.6599660620816,1062.3146279945345,69.184398752,6.5448753154490955,128.01461925871425,16.548752670232208,16.50719679888233,,3.1985269137797445,2.2232985993411187,2.796767168364483,4058.40160149068
290,1751,2,3,1729.6460740837108,1063.9035443600692,69.184399075648,6.544204490583868,128.00525231020382,16.55056792217708,16.507677041605216,,3.1988472088828983,2.2235766967339683,2.790835878148572,4058.4116014906876
291,1751,2,3,1729.6321066525848,1065.4921956572955,69.18439940774401,6.543539721097342,127.995886097003,16.552382148313562,16.50815784753783,,3.199167509823041,2.2238548721706284,2.784905627934756,4058.4216014906942
292,1751,2,3,1729.6180643070907,1067.080586396701,69.18439974521601,6.542881185296826,127.98652059453005,16.554195356879944,16.50863901196292,,3.1994878166279155,2.2241331259061226,2.778976408376964,4058.4316014907017
293,1751,2,3,1729.6039475888836,1068.6687207913844,69.18440008499202,6.542229061612862,127.97715577994809,16.55600755577666,16.509120330073642,,3.1998081292656053,2.224411458143656,2.7730482112336254,4058.4416014907088
294,1751,2,3,1729.5897570376508,1070.2566033488308,69.18440042400002,6.541583528353939,127.96779162867584,16.557818753241776,16.50960159715277,,3.200128447763855,2.2246898691382686,2.7671210271588613,4058.451601490716
295,1751,2,3,1729.5754931963684,1071.8442382792553,69.18440075916801,6.540944763949387,127.95842811787652,16.559628957175907,16.510082608393464,,3.200448772090747,2.2249683590931495,2.7611948479109105,4058.4616014907233
296,1751,2,3,1729.5611566060297,1073.4316300871837,69.18440108742402,6.540312946708937,127.94906522296917,16.561438175816924,16.51056315907847,,3.200769102274027,2.225246928263353,2.755269664144082,4058.4716014907303
297,1751,2,3,1729.546747810933,1075.0187829799845,69.18440140569601,6.539688255060644,127.939702921117,16.56324641706562,16.511043044401013,,3.201089438281776,2.2255255768520548,2.749345467616429,4058.481601490737
298,1751,2,3,1729.5322673533656,1076.6057014592272,69.18440171091201,6.53907086731555,127.93034118773947,16.565053689159654,16.511522059643738,,3.2014097801417405,2.225804305114324,2.743422248982445,4058.491601490744
299,1751,2,3,1729.5177157789562,1078.1923897294237,69.184402,6.538460961900363,127.92097999999999,16.566859999999995,16.512,,3.201730127822,2.22608311325332,2.7375,4058.5016014907505
300,1751,2,3,1729.5030936873638,1079.7788514871359,69.184402270912,6.537858666804269,127.91161933811469,16.568665357188106,16.5124767631002,,3.202050481335385,2.2263620015215584,2.731578737152918,4058.5116014907567
301,1751,2,3,1729.4884019001329,1081.365087515075,69.184402525696,6.537263908613451,127.90225919974127,16.570469766117387,16.512952656054914,,3.2023708406947216,2.2266409702132486,2.725658579138983,4058.5216014907633
302,1751,2,3,1729.4736412961631,1082.9510976456888,69.18440276742402,6.53667656364591,127.8928995882058,16.57227323137723,16.513428088278353,,3.2026912058680814,2.2269200195940453,2.719739671036431,4058.5316014907694
303,1751,2,3,1729.4588127514428,1084.53688200658,69.184402999168,6.536096508109538,127.88354050509075,16.574075757893024,16.513903469273348,,3.2030115768832093,2.2271991499815735,2.71382215682091,4058.541601490775
304,1751,2,3,1729.4439171445363,1086.1224404295915,69.184403224,6.535523618320962,127.8741819537222,16.575877350254295,16.514379208454173,,3.2033319537081737,2.2274783616414737,2.707906181570411,4058.5516014907807
305,1751,2,3,1729.428955351096,1087.7077730416222,69.184403444992,6.534957770489425,127.8648239356829,16.577678013386272,16.514855715323684,,3.2036523363707223,2.227757654891386,2.701991889260853,4058.561601490787
306,1751,2,3,1729.4139282493807,1089.29287967389,69.184403665216,6.534398840930228,127.85546645429905,16.579477751878645,16.515333399296036,,3.203972724838923,2.228037029996935,2.6960794249699296,4058.5716014907925
307,1751,2,3,1729.3988367146849,1090.8777604526158,69.184403887744,6.533846705853918,127.8461095111535,16.58127657065644,16.51581266987428,,3.2042931191405226,2.228316487275776,2.6901689326738865,4058.581601490798
308,1751,2,3,1729.3836816249711,1092.462415208364,69.184404115648,6.533301241574516,127.83675310957275,16.58307447430953,16.51629393647231,,3.204613519243589,2.228596026993519,2.6842605574500618,4058.5916014908044
309,1751,2,3,1729.3684638551813,1094.0468440666666,69.184404352,6.532762324303823,127.82739725113986,16.584871467762746,16.516777608593515,,3.2049339251758706,2.2288756494678346,2.6783544432750834,4058.60160149081
310,1751,2,3,1729.3531842829618,1095.6310468574954,69.18440459987198,6.53222983035463,127.81804193918121,16.586667555606123,16.517264095651374,,3.205254336905434,2.2291553549643166,2.67245073522588,4058.611601490816
311,1751,2,3,1729.3378437829338,1097.2150237056449,69.184404862336,6.531703635939944,127.80868717528038,16.588462742764314,16.517753807149763,,3.205574754460027,2.2294351438006514,2.666549577279515,4058.6216014908227
312,1751,2,3,1729.3224432148234,1098.7987745047792,69.18440514233599,6.531183622339456,127.79933296236185,16.590257033803837,16.518247114115546,,3.205895177807716,2.229715016243973,2.6606511060407776,4058.631601490829
313,1751,2,3,1729.3069830307709,1100.3823009214755,69.18440543987201,6.53066978500134,127.78997929236715,16.592050433081038,16.518743504787853,,3.206215606976251,2.2299949726492976,2.6547552621668875,4058.641601490836
314,1751,2,3,1729.291463281467,1101.965605804903,69.184405752,6.530162233735964,127.78062614973936,16.59384294407369,16.5192415844344,,3.2065360419336955,2.2302750133552665,2.6488617925648628,4058.651601490843
315,1751,2,3,1729.2758839975947,1103.5486923624997,69.184406075648,6.529661083226663,127.77127351677761,16.59563457056983,16.51973992002938,,3.2068564827078,2.2305551387542266,2.6429704345720606,4058.6616014908495
316,1751,2,3,1729.2602452132135,1105.1315635058488,69.18440640774399,6.529166448250709,127.76192137752332,16.597425316023696,16.52023707845428,,3.2071769292666286,2.2308353491863584,2.6370809266234017,4058.6716014908566
317,1751,2,3,1729.2445469599556,1106.7142224404506,69.18440674521601,6.528678443492641,127.75256971427594,16.599215184223173,16.520731626683197,,3.2074973816379306,2.231115645044025,2.6311930060566104,4058.6816014908636
318,1751,2,3,1729.2287892728573,1108.2966720760517,69.184407084992,6.528197183728506,127.74321851107692,16.601004178622656,16.52122213159798,,3.2078178397897696,2.2313960266673893,2.6253064113062883,4058.691601490871
319,1751,2,3,1729.2129721845024,1109.8789156162702,69.184407424,6.527722783644089,127.73386775022577,16.602792303009842,16.521707160172102,,3.2081383037498976,2.2316764944488323,2.619420879710432,4058.701601490878
320,1751,2,3,1729.1970957308877,1111.4609559690346,69.184407759168,6.527255358014168,127.72451741576396,16.604579560839284,16.522185279288298,,3.208458773486375,2.231957048728501,2.6135361497034197,4058.711601490885
321,1751,2,3,1729.1811599455564,1113.042796336048,69.18440808742402,6.5267950215258175,127.71516748999132,16.606365955898514,16.522655055918896,,3.2087792490269558,2.232237689898791,2.6076519586234217,4058.721601490892
322,1751,2,3,1729.1651648654777,1114.624439623405,69.184408405696,6.526341888952507,127.70581795694949,16.608151491642218,16.52311505694804,,3.2090997303397,2.2325184182998337,2.6017680449046923,4058.7316014908993
323,1751,2,3,1729.1491105251473,1116.2058890309295,69.18440871091201,6.52589607498264,127.69646879893851,16.60993617185776,16.523563849346374,,3.209420217452362,2.232799234324042,2.595884145885476,4058.741601490906
324,1751,2,3,1729.1329969625108,1117.7871474629187,69.184409,6.525457694388335,127.68712000000006,16.61172,16.524,,3.209740710333,2.23308013831153,2.59,4058.7516014909124
325,1751,2,3,1729.116824547854,1119.3682175452207,69.184409270912,6.525026827547783,127.67777154624491,16.61350298108264,16.524422689841693,,3.2100612089944445,2.233361130656109,2.5841154368008454,4058.761601490919
326,1751,2,3,1729.1005949880791,1120.9490999088218,69.184409525696,6.5246034175146805,127.6684234372853,16.6152851253574,16.52483355573657,,3.2103817134495216,2.233642211809482,2.5782306536018123,4058.771601490925
327,1751,2,3,1729.0843103262557,1122.5297944647564,69.18440976742401,6.524187373070227,127.65907567741472,16.61706644413658,16.52523484847635,,3.2107022236662814,2.233923382198555,2.57234594047912,4058.7816014909313
328,1751,2,3,1729.0679726021733,1124.1103014179578,69.18440999916801,6.523778602917434,127.64972826918535,16.61884694906435,16.525628818928528,,3.2110227396724746,2.2342046423025947,2.566461586412887,4058.7916014909374
329,1751,2,3,1729.051583858389,1125.690620678357,69.18441022399999,6.523377015836141,127.64038121689057,16.620626651453154,16.526017717886372,,3.2113432614361512,2.2344859925484895,2.560577881479294,4058.8016014909426
330,1751,2,3,1729.0351461341809,1127.2707524496518,69.184410444992,6.5229825205307055,127.631034523083,16.622405562947012,16.526403796216222,,3.211663788985062,2.234767433415524,2.5546951146585526,4058.8116014909488
331,1751,2,3,1729.018661471613,1128.8506966406442,69.18441066521599,6.522595025779633,127.6216881920561,16.62418369485851,16.526789304712107,,3.2119843222872553,2.235048965330569,2.548813576026697,4058.821601490955
332,1751,2,3,1729.0021319094367,1130.4304534538614,69.184410887744,6.5222144402885975,127.61234222636247,16.62596105883149,16.527176494240027,,3.2123048613704843,2.2353305887729262,2.5429335545641405,4058.83160149096
333,1751,2,3,1728.9855594892274,1132.010022796955,69.18441111564799,6.521840672834809,127.6029966302958,16.62773766617868,16.527567615593917,,3.212625406202797,2.2356123041694493,2.5370553403466594,4058.8416014909662
334,1751,2,3,1728.9689462492265,1133.5894048712723,69.184411352,6.521473632125219,127.5936514064088,16.629513528543796,16.527964919640308,,3.212945956811945,2.235894111999458,2.5311792223549787,4058.851601490972
335,1751,2,3,1728.9522942305125,1135.1685995833273,69.18441159987199,6.521113226935776,127.58430655899524,16.631288657239672,16.528370657172175,,3.213266513165976,2.2361760126897883,2.5253054906645107,4058.861601490978
336,1751,2,3,1728.935605470817,1136.7476071332549,69.184411862336,6.520759365974675,127.57496209060812,16.633063063909876,16.52878707905742,,3.2135870752926445,2.236458006719776,2.5194344342563975,4058.8716014909846
337,1751,2,3,1728.9188819904787,1138.326427531433,69.18441214233599,6.520411958587009,127.56561800489509,16.634836759876297,16.529216359481453,,3.2139076431599958,2.2367400945182645,2.5135663313071013,4058.8816014909908
338,1751,2,3,1728.9021253406115,1139.9050634953867,69.184412439872,6.520070927171058,127.5562742889061,16.63660975699618,16.529658910775275,,3.2142282167957816,2.237022276613177,2.507701185234745,4058.891601490998
339,1751,2,3,1728.8853366099784,1141.483519861047,69.184412752,6.51973620730772,127.54693091657415,16.63838206700142,16.530113383255493,,3.214548796168041,2.2373045535264295,2.5018387268851514,4058.901601491005
340,1751,2,3,1728.8685168646966,1143.0618018617115,69.18441307564798,6.519407735085332,127.53758785944588,16.640153701962987,16.530578350716375,,3.2148693813045237,2.237586925834533,2.495978674113428,4058.9116014910114
341,1751,2,3,1728.8516671747757,1144.6399144350567,69.18441340774399,6.519085446653994,127.52824509080826,16.641924673621784,16.531052386866644,,3.215189972173267,2.237869394061409,2.490120745866443,4058.9216014910185
342,1751,2,3,1728.8347886078595,1146.21786281108,69.184413745216,6.518769278103198,127.51890258220821,16.643694994048666,16.53153406550239,,3.2155105688020216,2.2381519587835874,2.484264659999726,4058.931601491026
343,1751,2,3,1728.8178822354676,1147.7956519242991,69.184414084992,6.5184591655819,127.50956030693253,16.645464674984645,16.532021960330784,,3.2158311711588246,2.238434620524971,2.478410135459775,4058.941601491033
344,1751,2,3,1728.8009491267449,1149.3732870014799,69.184414424,6.518155045180727,127.50021823652814,16.647233728500446,16.532514645149202,,3.2161517792714274,2.2387173798621065,2.4725568901024366,4058.95160149104
345,1751,2,3,1728.7839903547545,1150.9507729739523,69.18441475916799,6.517856853047509,127.49087634428193,16.649002166337205,16.5330106936638,,3.2164723931078645,2.2390002373188804,2.4667046428739456,4058.9616014910475
346,1751,2,3,1728.7670069901549,1152.5281150652427,69.18441508742401,6.517564525273985,127.48153460174102,16.65077000056552,16.533508679672707,,3.216793012695891,2.239283193471857,2.4608531116303602,4058.971601491054
347,1751,2,3,1728.7500001075248,1154.1053182035223,69.184415405696,6.5172779980068904,127.47219298219231,16.652537242926623,16.534007176881577,,3.2171136380035397,2.2395662488449046,2.455002015317754,4058.981601491061
348,1751,2,3,1728.7329707790523,1155.682387609135,69.184415710912,6.5169972073390445,127.46285145718292,16.654303905491005,16.53450475908878,,3.217434269058565,2.2398494040146053,2.4491510717922944,4058.9916014910677
349,1751,2,3,1728.715920080842,1157.2593282070843,69.184416,6.5167220894161115,127.45350999999995,16.656070000000003,16.535,,3.217754905829,2.24013265950481,2.4433,4059.0016014910743
350,1751,2,3,1728.6988490563829,1158.836143940599,69.184416270912,6.516452574510758,127.44416858968106,16.657835536847156,16.535491774792174,,3.218075548327667,2.2404160158959816,2.437448602080583,4059.011601491081
351,1751,2,3,1728.6817586254467,1160.4128339500744,69.184416525696,6.516188569562148,127.43482723348461,16.659600520047434,16.535980164248308,,3.2183961965673826,2.2406994738368424,2.4315970162179243,4059.021601491087
352,1751,2,3,1728.6646496787826,1161.9893959552296,69.184416767424,6.515929975712558,127.42548594702954,16.66136495177464,16.536465550484905,,3.218716850516166,2.240983033953574,2.4257454654244217,4059.031601491093
353,1751,2,3,1728.6475231034108,1163.5658279697154,69.18441699916801,6.5156766940555855,127.41614474419477,16.663128834531253,16.53694831570918,,3.2190375102017645,2.2412666969251647,2.419894171622546,4059.0416014910993
354,1751,2,3,1728.6303797890394,1165.1421277137704,69.18441722400001,6.515428625732513,127.4068036405993,16.664892170491186,16.537428842038167,,3.2193581755921965,2.2415504633777763,2.414043357824667,4059.051601491105
355,1751,2,3,1728.6132206216337,1166.7182932015662,69.18441744499201,6.515185671837918,127.39746265012187,16.66665496215681,16.537907511678636,,3.2196788467152095,2.2418343339904183,2.408193245953325,4059.0616014911107
356,1751,2,3,1728.59604648986,1168.294322153831,69.184417665216,6.514947733512116,127.38812178838168,16.668417211702113,16.538384706748,,3.2199995235388217,2.2421183093892316,2.40234405902078,4059.071601491117
357,1751,2,3,1728.5788582786395,1169.8702125852144,69.18441788774402,6.514714711850633,127.37878106925747,16.670178921629375,16.538860809452714,,3.2203202060907805,2.2424023902532446,2.396496018949723,4059.081601491122
358,1751,2,3,1728.5616568755866,1171.445962216979,69.18441811564801,6.514486507992858,127.36944050836836,16.67194009411268,16.539336201910427,,3.220640894339103,2.2426865772085804,2.390649348752221,4059.091601491128
359,1751,2,3,1728.544443164576,1173.0215690642146,69.18441835200001,6.514263023035223,127.36010011959324,16.673700731654197,16.539811266327437,,3.22096158831154,2.242970870934286,2.3848042703512005,4059.101601491134
360,1751,2,3,1728.5272180321845,1174.5970308487258,69.18441859987199,6.51404415811623,127.35075991855105,16.675460836428098,16.540286384821485,,3.2212822879761056,2.243255272056465,2.3789610067584515,4059.1116014911404
361,1751,2,3,1728.5099823612418,1176.1723455860244,69.184418862336,6.513829814333178,127.34141991912092,16.677220410936435,16.540761939598838,,3.2216029933605514,2.2435397812541837,2.3731197798972183,4059.1216014911465
362,1751,2,3,1728.4927371589345,1177.7475110793328,69.184419142336,6.513619889289645,127.33208013659994,16.678979458141892,16.541238302682157,,3.221923704432891,2.2438243991555615,2.367280808271886,4059.1316014911527
363,1751,2,3,1728.4754862269397,1179.3225272857946,69.18441943987202,6.513414199265922,127.32274057714616,16.68073799946811,16.541715613996807,,3.2222444212208727,2.244109126488528,2.361444205636963,4059.1416014911597
364,1751,2,3,1728.4582361679534,1180.8973957282649,69.18441975200001,6.513212479297262,127.31340124125842,16.682496074144375,16.542193781193394,,3.2225651436925027,2.2443939639747974,2.355609983172244,4059.1516014911667
365,1751,2,3,1728.4409937027472,1182.472118301935,69.184420075648,6.513014460846883,127.30406212737378,16.684253722515923,16.542672701916427,,3.222885871875525,2.2446789123911626,2.3497781464635463,4059.1616014911733
366,1751,2,3,1728.4237655549764,1184.0466966066278,69.184420407744,6.512819875415249,127.29472323566917,16.686010984600546,16.543152273721326,,3.2232066057379436,2.244963972461352,2.343948702183172,4059.171601491181
367,1751,2,3,1728.4065584447408,1185.621132533402,69.184420745216,6.512628454466238,127.28538456458239,16.687767900743392,16.543632394252736,,3.2235273453075055,2.245249144962181,2.3381216559173845,4059.181601491188
368,1751,2,3,1728.3893790949778,1187.1954276781482,69.184421084992,6.512439929499703,127.27604611429011,16.68952451096231,16.54411296106596,,3.2238480905522144,2.2455344306173566,2.332297014338041,4059.191601491195
369,1751,2,3,1728.3722342251165,1188.7695839279218,69.184421424,6.512254031980085,127.26670788323017,16.691280855602404,16.54459387180573,,3.224168841499817,2.2458198302037133,2.32647478303185,4059.201601491202
370,1751,2,3,1728.3551305574038,1190.3436028746341,69.18442175916799,6.51207049340672,127.25736987157933,16.693036974681572,16.545075024027284,,3.224489598118314,2.2461053444449384,2.320654968670221,4059.211601491209
371,1751,2,3,1728.3380748105944,1191.917486401305,69.184422087424,6.511889045244519,127.24803207777563,16.694792908544848,16.545556315375407,,3.224810360435456,2.246390974117888,2.314837576840313,4059.221601491216
372,1751,2,3,1728.3210737062705,1193.4912360958613,69.184422405696,6.511709418992402,127.23869450199605,16.69654869721019,16.546037643405295,,3.2251311284192434,2.246676719946226,2.3090226142130836,4059.231601491223
373,1751,2,3,1728.3041339625097,1195.0648538373644,69.184422710912,6.511531346115641,127.22935714267841,16.698304381022584,16.546518905761765,,3.2254519020974244,2.246962582706833,2.3032100863761444,4059.2416014912296
374,1751,2,3,1728.2872623002318,1196.6383412097377,69.184423,6.511354558112844,127.22002,16.70006,16.547,,3.225772681438,2.24724856312335,2.2974,4059.2516014912367
375,1751,2,3,1728.2704639852539,1198.2117000172168,69.18442327091199,6.5111787841477256,127.21068307095258,16.701815586131406,16.547480845382083,,3.2260934664537824,2.2475346619722067,2.291592318757553,4059.2616014912433
376,1751,2,3,1728.2537384737466,1199.7849320724258,69.18442352569599,6.51100374414424,127.20134634500398,16.703571138308735,16.547961447728724,,3.2264142571575842,2.2478208800812682,2.2857868375799546,4059.271601491249
377,1751,2,3,1728.2370837722221,1201.358038970388,69.184423767424,6.510829155740781,127.19200981104568,16.705326646904403,16.548441834433152,,3.2267350535174044,2.248107218251268,2.279983310023774,4059.281601491255
378,1751,2,3,1728.2204978845384,1202.9310225991749,69.18442399916799,6.510654736543165,127.18267345622964,16.707082102617818,16.548922032978115,,3.2270558555609936,2.2483936773362605,2.274181488564389,4059.291601491261
379,1751,2,3,1728.2039788181296,1204.5038845537488,69.184424224,6.5104802041897285,127.17333726944725,16.708837495821427,16.549402070756873,,3.22737666325635,2.248680258136956,2.2683811267580256,4059.301601491267
380,1751,2,3,1728.187524577796,1206.0766267220342,69.18442444499199,6.5103052762862905,127.16400123785068,16.71059281721463,16.549881975252145,,3.227697476631226,2.2489669615074335,2.262581977080359,4059.3116014912725
381,1751,2,3,1728.1711331718711,1207.649250698959,69.18442466521599,6.510129670471236,127.1546653503311,16.712348057169855,16.55036177385723,,3.228018295653617,2.249253788248381,2.2567837930873638,4059.321601491278
382,1751,2,3,1728.1548026061096,1209.2217583722897,69.184424887744,6.509953104350286,127.14532959404102,16.714103206386497,16.550841494054804,,3.2283391203512783,2.2495407392138986,2.2509863272549184,4059.3316014912843
383,1751,2,3,1728.1385308897507,1210.7941513369049,69.184425115648,6.509775295561976,127.13599395787146,16.715858255237023,16.551321163238192,,3.2286599506922045,2.249827815204651,2.2451893331388426,4059.34160149129
384,1751,2,3,1728.1223160294787,1212.3664314804769,69.184425352,6.509595961711823,127.12665842897495,16.71761319442079,16.551800808890068,,3.2289807867041493,2.2501150170747635,2.239392563215124,4059.3516014912957
385,1751,2,3,1728.1061560354485,1213.9386003978245,69.184425599872,6.509414820438619,127.11732299624252,16.71936801431028,16.55228045840375,,3.229301628355108,2.2504023456248756,2.2335957710395187,4059.3616014913023
386,1751,2,3,1728.0900489152752,1215.5106599764913,69.184425862336,6.5092315893475705,127.1079876468269,16.721122705604838,16.552760139261913,,3.229622475672835,2.250689801709137,2.2277987090880313,4059.3716014913084
387,1751,2,3,1728.0739928331739,1217.0826117393558,69.184426142336,6.509045984126034,127.0986523702414,16.7228772594657,16.55323987813308,,3.2299433286253247,2.250977386128892,2.2220011437162666,4059.381601491315
388,1751,2,3,1728.0579894730058,1218.654455848917,69.18442643987201,6.508857675535605,127.08931716857012,16.724631685521647,16.553719685104948,,3.230264187240332,2.2512650997557926,2.216203134595876,4059.3916014913216
389,1751,2,3,1728.0420440435148,1220.2261905211649,69.18442675200001,6.508666289481325,127.07998205994589,16.726386011215396,16.554199553505626,,3.2305850514858454,2.2515529434246644,2.2104050368743082,4059.401601491328
390,1751,2,3,1728.0261619027835,1221.797814192189,69.184427075648,6.508471449881055,127.07064706138452,16.728140265105182,16.554679476027815,,3.230905921389619,2.2518409180246626,2.204607217418885,4059.411601491335
391,1751,2,3,1728.010348411062,1223.3693250044216,69.18442740774401,6.508272780688647,127.06131219164092,16.72989447542248,16.555159445274832,,3.2312267969196418,2.2521290243913166,2.1988100441768577,4059.4216014913427
392,1751,2,3,1727.9946089248208,1224.9407213921652,69.18442774521601,6.508069905821283,127.05197746773119,16.731648670725498,16.555639453939385,,3.231547678103668,2.252417263413806,2.1930138840156324,4059.4316014913493
393,1751,2,3,1727.9789488026618,1226.5120014961774,69.18442808499202,6.507862449233562,127.04264290841003,16.73340287924571,16.556119494624784,,3.2318685649096848,2.252705635927636,2.187219104882307,4059.441601491357
394,1751,2,3,1727.9633733994594,1228.0831637489985,69.18442842400002,6.5076500348418485,127.03330853069366,16.735157129541346,16.55659956002375,,3.232189457365448,2.2529941428220117,2.181426073644512,4059.4516014913643
395,1751,2,3,1727.9478880721772,1229.654206289658,69.18442875916801,6.507432286601631,127.02397435333685,16.736911449843866,16.557079642739573,,3.232510355438945,2.253282784932411,2.175635158249052,4059.461601491371
396,1751,2,3,1727.9324981740833,1231.225127548941,69.18442908742401,6.507208828428313,127.01464039335585,16.738665868711507,16.55755973546499,,3.232831259157931,2.2535715631480664,2.169846725563917,4059.4716014913784
397,1751,2,3,1727.9172090605218,1232.7959256641336,69.18442940569601,6.5069792842784135,127.00530666950554,16.740420414375716,16.558039830803285,,3.2331521684903928,2.2538604783044303,2.164061143535485,4059.481601491385
398,1751,2,3,1727.902026083168,1234.3665990643055,69.18442971091201,6.5067432780662395,126.99597319880193,16.742175115394737,16.55851992144719,,3.233473083464088,2.2541495312907585,2.158278779032242,4059.4916014913915
399,1751,2,3,1727.8869545957373,1235.9371458850114,69.18443,6.506500433749474,126.98663999999994,16.74393,16.559,,3.233794004047,2.25443872294248,2.1525,4059.5016014913986
400,1751,2,3,1727.8719997608762,1237.5075640264745,69.184430270912,6.5062503583022115,126.97730709300217,16.745685095063017,16.559480060685747,,3.2341149302519483,2.2547280541302075,2.1467250621679717,4059.5116014914047
401,1751,2,3,1727.8571659877468,1239.077849572687,69.184430525696,6.505992590894024,126.96797450751818,16.74744042103527,16.559960103943077,,3.2344358620917677,2.2550175257038094,2.1409537756311567,4059.521601491411
402,1751,2,3,1727.8424574982791,1240.6479979342039,69.18443076742402,6.505726653779868,126.95864227701351,16.749195996517955,16.560440131697245,,3.2347567995344626,2.2553071384675207,2.135185839881982,4059.531601491417
403,1751,2,3,1727.827878510467,1242.2180048141008,69.184430999168,6.505452069165894,126.94931043321512,16.750951840439292,16.560920145962918,,3.2350777426078174,2.255596893279507,2.12942095333818,4059.5416014914226
404,1751,2,3,1727.81343324384,1243.7878656229386,69.184431224,6.5051683593086285,126.93997900958847,16.752707971400454,16.561400148665353,,3.235398691279837,2.2558867909439755,2.123658815491581,4059.5516014914288
405,1751,2,3,1727.7991259140588,1245.3575760636495,69.184431444992,6.504875046412567,126.93064803786113,16.754464408329703,16.561880141819206,,3.235719645578305,2.2561768323191203,2.1178991247604597,4059.5616014914344
406,1751,2,3,1727.784960738262,1246.927131546761,69.184431665216,6.504571652735978,126.92131755149865,16.756221169828162,16.562360127349745,,3.236040605471225,2.2564670182091207,2.1121415806361603,4059.57160149144
407,1751,2,3,1727.770941929761,1248.4965277751046,69.184431887744,6.504257700481525,126.91198758222882,16.757978274824154,16.562840107271622,,3.236361570986382,2.2567573494721973,2.1063858815373857,4059.5816014914462
408,1751,2,3,1727.7570737033152,1250.0657601591745,69.184432115648,6.503932711909397,126.90265816351717,16.75973574191875,16.563320083510103,,3.23668254209178,2.2570478269125043,2.1006317269551094,4059.591601491452
409,1751,2,3,1727.7433602699002,1251.6348244016785,69.184432352,6.503596209220251,126.8933293270918,16.761493590040338,16.56380005807984,,3.2370035188152038,2.2573384513882875,2.0948788153083484,4059.601601491458
410,1751,2,3,1727.729805841896,1253.2037159130386,69.18443259987201,6.503247714676371,126.88400110641837,16.76325183778993,16.564280032906098,,3.237324501124655,2.257629223703675,2.089126846087818,4059.6116014914637
411,1751,2,3,1727.716414627947,1254.772430395871,69.184432862336,6.502886750476224,126.87467353322495,16.76501050409598,16.564760010003535,,3.2376454890479223,2.2579201447169392,2.083375517712738,4059.6216014914703
412,1751,2,3,1727.7031908215815,1256.3409633526533,69.18443314233599,6.502512841505732,126.86534664040938,16.766769607573213,16.565239991245374,,3.2379664825530052,2.2582112152297604,2.077624540578219,4059.631601491477
413,1751,2,3,1727.690138233819,1257.9093126979528,69.18443343987201,6.502125572873449,126.8560204460652,16.768529167480967,16.565719977397368,,3.2382874816677067,2.258502436042363,2.0718738748126224,4059.641601491483
414,1751,2,3,1727.6772602986352,1259.4774781735,69.184433752,6.5017245900499505,126.84669495695685,16.770289203067893,16.566199967939003,,3.2386084863600493,2.2587938078450835,2.066123732419974,4059.65160149149
415,1751,2,3,1727.664560430835,1261.0454599043787,69.18443407564799,6.501309541053733,126.83737017754405,16.77204973392423,16.566679962387145,,3.2389294966578492,2.2590853313800974,2.060374335237762,4059.6616014914975
416,1751,2,3,1727.6520420472843,1262.6132577227945,69.18443440774399,6.500880073979312,126.828046114023,16.773810779312335,16.56715996016922,,3.23925051252913,2.2593770073352935,2.054625906174438,4059.671601491504
417,1751,2,3,1727.639708562221,1264.1808717520482,69.184434745216,6.500435836842528,126.81872277085361,16.775572358822537,16.5676399608021,,3.2395715340017084,2.2596688364528745,2.0488786670676467,4059.6816014915116
418,1751,2,3,1727.6275633919072,1265.7483018225553,69.184435084992,6.499976477740615,126.80940015423255,16.777334491717106,16.568119963713222,,3.2398925610436073,2.259960819420702,2.04313284082564,4059.691601491518
419,1751,2,3,1727.6156099500129,1267.3155480558362,69.184435424,6.4995016446866325,126.80007826861988,16.77909719758648,16.56859996841945,,3.2402135936826433,2.2602529569810064,2.037388649286307,4059.7016014915257
420,1751,2,3,1727.6038516521896,1268.8826102805724,69.184435759168,6.499010985780662,126.79075712021236,16.780860495692835,16.569079974348217,,3.240534631886839,2.260545249821621,2.0316463153576136,4059.7116014915327
421,1751,2,3,1727.5922919115771,1270.44948861645,69.18443608742399,6.498504149032848,126.78143671347061,16.782624405626734,16.569559981016386,,3.240855675684012,2.2608376986848056,2.0259060608777744,4059.72160149154
422,1751,2,3,1727.5809341431882,1272.0161828904247,69.18443640569599,6.497980782546253,126.77211705459135,16.784388946650225,16.57003998785141,,3.2411767250421835,2.261130304258363,2.02016810875439,4059.731601491547
423,1751,2,3,1727.569781759635,1273.5826932203947,69.18443671091201,6.497440534327973,126.7627981480355,16.786154138353997,16.57051999437013,,3.241497779989173,2.2614230672845834,2.0144326808260815,4059.741601491554
424,1751,2,3,1727.5588381753212,1275.1490194315525,69.184437,6.496883052484186,126.75348000000002,16.78792,16.571,,3.241818840493,2.26171598845124,2.0087,4059.75160149156
425,1751,2,3,1727.5481063196983,1276.7151605402469,69.184437270912,6.496307971648659,126.74416262086653,16.789686547140697,16.571480004347073,,3.2421399065665426,2.2620090684528438,2.0029702556453426,4059.7616014915666
426,1751,2,3,1727.537587189246,1278.2811114551816,69.184437525696,6.495714872862501,126.73484604296353,16.79145377950442,16.571960007463588,,3.242460978222713,2.2623023078473032,1.9972435061852205,4059.7716014915723
427,1751,2,3,1727.5272812977296,1279.8468658403751,69.184437767424,6.495103323852738,126.72553030540794,16.79322169261653,16.572440009446275,,3.2427820554295788,2.2625957071174017,1.991519778106041,4059.7816014915784
428,1751,2,3,1727.5171891557936,1281.4124176526316,69.18443799916801,6.49447289223418,126.71621544558144,16.794990282331646,16.57292001048128,,3.2431031382150133,2.2628892668005567,1.9857990968278039,4059.7916014915845
429,1751,2,3,1727.507311274834,1282.9777605582226,69.184438224,6.493823145737331,126.70690150260096,16.796759544175014,16.57340001066534,,3.2434242265470807,2.2631829873795213,1.9800814888363494,4059.80160149159
430,1751,2,3,1727.4976481632273,1284.5428885160911,69.18443844499203,6.493153651973442,126.69758851384867,16.79852947400137,16.573880010184585,,3.243745320453656,2.2634768693917438,1.9743669795522472,4059.8116014915963
431,1751,2,3,1727.4882003300197,1286.1077951946936,69.184438665216,6.492463978676658,126.68827651844182,16.800300067335854,16.574360009135763,,3.244066419902804,2.263770913319947,1.968655595460764,4059.8216014916015
432,1751,2,3,1727.478968281306,1287.6724745551107,69.18443888774402,6.491753693454509,126.67896555376298,16.80207132003334,16.574840007705003,,3.2443875249223995,2.2640651197016086,1.9629473619830484,4059.8316014916077
433,1751,2,3,1727.4699525237795,1289.2369202680075,69.18443911564802,6.491022364044938,126.6696556589294,16.803843227618838,16.57532000598905,,3.2447086354805057,2.2643594890194216,1.9572423056037827,4059.841601491614
434,1751,2,3,1727.4611535612637,1290.8011262965467,69.18443935200001,6.490269558051599,126.66034687132425,16.80561578594735,16.575800004174035,,3.245029751604999,2.2646540218108946,1.951540451744705,4059.8516014916195
435,1751,2,3,1727.452571898094,1292.3650863135979,69.18443959987201,6.489494843216393,126.65103923006471,16.807388990543785,16.576280002356697,,3.2453508732639427,2.264948718558689,1.945841826889903,4059.8616014916256
436,1751,2,3,1727.4442080358242,1293.9287942844187,69.184439862336,6.488697787138934,126.64173277253433,16.80916283726327,16.576760000723187,,3.2456720004852113,2.265243579800344,1.9401464564617135,4059.8716014916317
437,1751,2,3,1727.436062603901,1295.4922438465046,69.18444014233599,6.4878779623947285,126.63242753823491,16.81093732231483,16.57723999936649,,3.245993133236871,2.265538606012765,1.9344543660074067,4059.8816014916383
438,1751,2,3,1727.4281391609252,1297.055428066245,69.18444043987199,6.487035052486902,126.62312357378053,16.81271245797562,16.577719998383074,,3.2463142715468303,2.265833797596072,1.92876555848077,4059.891601491645
439,1751,2,3,1727.4204441971701,1298.6183388558109,69.18444075199996,6.486168852151659,126.61382093636452,16.814488271929815,16.57819999769409,,3.246635415383213,2.266129154763694,1.9230800163625785,4059.9016014916515
440,1751,2,3,1727.4129843269593,1300.180968381093,69.18444107564795,6.485279160795512,126.60451968183179,16.81626479287656,16.578679997306317,,3.246956564773961,2.266424677778335,1.917397720138073,4059.911601491659
441,1751,2,3,1727.40576616408,1301.743308516866,69.18444140774393,6.484365777988513,126.59521986776058,16.818042049184175,16.579159997137165,,3.2472777196871996,2.266720366847666,1.9117186513512068,4059.921601491666
442,1751,2,3,1727.3987963189772,1303.3053514289832,69.18444174521595,6.483428503132777,126.58592154999693,16.81982006955196,16.579639997193425,,3.2475988801508726,2.2670162222344206,1.9060427904878232,4059.931601491673
443,1751,2,3,1727.392081401459,1304.8670889923178,69.18444208499193,6.482467135802792,126.57662478611938,16.821598882348084,16.580119997392508,,3.247920046133103,2.267312244146239,1.900370119091277,4059.94160149168
444,1751,2,3,1727.3856280181094,1306.4285133727333,69.18444242399993,6.481481475396201,126.5673296319747,16.82337851627202,16.580599997741196,,3.248241217661834,2.2676084328458868,1.894700617648007,4059.951601491687
445,1751,2,3,1727.3794427747646,1307.989616445196,69.18444275916792,6.480471321491996,126.55803614514161,16.8251589996918,16.581079998156905,,3.24856239470519,2.267904788540973,1.8890342677007754,4059.9616014916946
446,1751,2,3,1727.3735322741504,1309.550390375511,69.18444308742393,6.479436473483282,126.54874438146783,16.82694036130704,16.581559998646416,,3.248883577291116,2.2682013114942934,1.88337104973661,4059.9716014917017
447,1751,2,3,1727.3679031181593,1311.1108270387201,69.18444340569594,6.478376730953628,126.53945439853224,16.828722629485636,16.582039999127137,,3.2492047653877325,2.268498001913427,1.877710945297688,4059.9816014917083
448,1751,2,3,1727.3625619056588,1312.670918600576,69.18444371091198,6.477291893291521,126.53016625218329,16.830505832927383,16.582519999605864,,3.2495259590229875,2.2687948600611993,1.872053934871618,4059.9916014917153
449,1751,2,3,1727.3575152346039,1314.2306569361817,69.184444,6.476181760085188,126.52087999999999,16.83229,16.583,,3.249847158165,2.26909188614516,1.8664,4060.0016014917214
450,1751,2,3,1727.3527681605779,1315.7900350818202,69.18444427091202,6.475046167761798,126.51159569070772,16.834075151620496,16.583480000301996,,3.250168362826771,2.2693890803635273,1.8607491329296182,4060.011601491728
451,1751,2,3,1727.3483195792433,1317.3490498467652,69.1844445256961,6.47388510070339,126.50231334280856,16.835861277906748,16.58396000053637,,3.2504895730213406,2.2696864427113774,1.8551013718899605,4060.021601491734
452,1751,2,3,1727.3441668468834,1318.9076987665435,69.18444476742413,6.472698580444693,126.49303296854505,16.8376483610273,16.58444000066858,,3.2508107887168873,2.269983973091445,1.849456767394959,4060.0316014917403
453,1751,2,3,1727.3403073188094,1320.4659796677847,69.18444499916818,6.4714866283017995,126.48375457843166,16.839436383483456,16.584920000753502,,3.251132009941419,2.27028167146187,1.8438153689068655,4060.0416014917464
454,1751,2,3,1727.3367383509044,1322.0238900876598,69.18444522400021,6.470249265814181,126.47447818471151,16.84122532744358,16.5854000007566,,3.251453236663113,2.2705795377253564,1.8381772269390195,4060.0516014917516
455,1751,2,3,1727.333457298177,1323.5814278543685,69.18444544499226,6.468986514293197,126.46520379790002,16.843015175409164,16.58588000073275,,3.2517744689099795,2.270877571840075,1.8325423909542744,4060.0616014917578
456,1751,2,3,1727.3304615161073,1325.13859050675,69.18444566521627,6.467698395283046,126.4559314302407,16.84480590954842,16.58636000064741,,3.2520957066501928,2.271175773708699,1.8269109114653586,4060.0716014917634
457,1751,2,3,1727.3277483593886,1326.6953758745994,69.1844458877443,6.46638493009036,126.44666109224964,16.84659751236302,16.58684000055546,,3.2524169499117646,2.2714741432894288,1.8212828379357457,4060.081601491769
458,1751,2,3,1727.3253151830907,1328.2517814984228,69.18444611564827,6.465046140264063,126.43739279617074,16.848389966020996,16.58732000042236,,3.2527381986628696,2.2717726804849083,1.8156582208775347,4060.0916014917752
459,1751,2,3,1727.3231593416092,1329.8078052095286,69.18444635200022,6.463682047106067,126.42812655252126,16.850183253024202,16.587800000302984,,3.2530594529315193,2.2720713852533696,1.8100371097548384,4060.101601491781
460,1751,2,3,1727.321278189598,1331.3634445501013,69.18444659987216,6.462292672170012,126.41886237354531,16.85197735554055,16.588280000162797,,3.2533807126858876,2.272370257497423,1.8044195550791073,4060.111601491787
461,1751,2,3,1727.3196690811358,1332.9186973529902,69.18444686233607,6.4608780367530985,126.40960026976109,16.853772256072045,16.588760000056666,,3.253701977953987,2.2726692971753337,1.7988056063151117,4060.1216014917936
462,1751,2,3,1727.3183294992973,1334.473561049415,69.18444714233593,6.459438165372946,126.4003402542458,16.855567937392102,16.5892399999498,,3.254023248703992,2.2729685041837304,1.793195315562083,4060.1316014917998
463,1751,2,3,1727.3172598897427,1336.028030769958,69.18444743987178,6.457973150344644,126.39108235751081,16.85736439653873,16.589719999890587,,3.254344524963951,2.273267878338118,1.7875887704082345,4060.141601491807
464,1751,2,3,1727.3164636603572,1337.5820987651448,69.1844477519996,6.456483152317125,126.38182663095144,16.85916164414555,16.590199999831825,,3.2546658067021057,2.273567419261413,1.7819860960207368,4060.1516014918134
465,1751,2,3,1727.3159443460677,1339.1357574628526,69.18444807564741,6.454968334623395,126.37257312507234,16.86095969178655,16.590679999815446,,3.25498709394654,2.2738671266263597,1.7763874181112773,4060.1616014918204
466,1751,2,3,1727.3157054802837,1340.6889990020463,69.18444840774326,6.453428860876299,126.36332189210229,16.862758550700885,16.591159999793973,,3.255308386665497,2.274167000049895,1.770792863434743,4060.1716014918275
467,1751,2,3,1727.3157505947183,1342.2418158115797,69.18444874521511,6.451864894404242,126.35407298254698,16.8645582324627,16.59163999980933,,3.255629684887061,2.2744670392047937,1.7652025577035773,4060.1816014918345
468,1751,2,3,1727.3160832194692,1343.794200031468,69.184449084991,6.450276598824641,126.34482644863579,16.866358748310997,16.592119999814045,,3.2559509885794737,2.2747672437079602,1.759616627671887,4060.191601491842
469,1751,2,3,1727.3167068830478,1345.3461440914762,69.18444942399896,6.448664137461353,126.33558234087563,16.868160109820085,16.59259999985005,,3.256272297770822,2.275067613232202,1.7540351990529193,4060.2016014918486
470,1751,2,3,1727.3176251122404,1346.8976401327457,69.18444975916697,6.447027673936317,126.32634071149589,16.869962328228837,16.593079999869868,,3.2565936124293446,2.2753681473943916,1.7484583985999544,4060.211601491856
471,1751,2,3,1727.3188414323658,1348.4486805858999,69.18445008742307,6.445367371568899,126.3171016110049,16.871765415111724,16.593559999915424,,3.2569149325831304,2.275668845867368,1.7428863520270892,4060.221601491863
472,1751,2,3,1727.3203593669098,1349.9992575931249,69.18445040569527,6.443683393985495,126.30786509163235,16.873569381707462,16.59403999993925,,3.2572362582004173,2.275969708267974,1.73731918608673,4060.2316014918697
473,1751,2,3,1727.3221824379978,1351.5493635859837,69.18445071091156,6.441975904501045,126.29863120388738,16.875374239590702,16.594519999983266,,3.257557589309295,2.276270734269077,1.7317570264938718,4060.2416014918767
474,1751,2,3,1727.3243141658227,1353.098990707678,69.184451,6.44024506674634,126.2894,16.87718,16.595,,3.257878925878,2.27657192348749,1.7262,4060.251601491883
475,1751,2,3,1727.3267568465233,1354.6481316893212,69.18445127091255,6.438491060539232,126.28017152716608,16.878986667864684,16.595480000009648,,3.258200267919667,2.2768732755444976,1.7206482214535688,4060.2616014918895
476,1751,2,3,1727.3295078842277,1356.1967807461754,69.18445152569718,6.436714131393497,126.27094581760527,16.88079422186888,16.595960000034868,,3.258521615447461,2.277174789911104,1.7151017612004706,4060.271601491896
477,1751,2,3,1727.3325634592559,1357.744932249474,69.18445176742586,6.434914541496748,126.2617229010825,16.882602633882815,16.596440000031883,,3.2588429684296645,2.2774764659786118,1.7095606792354212,4060.2816014919017
478,1751,2,3,1727.3359197518182,1359.2925808604755,69.1844519991705,6.433092552703514,126.252502805645,16.884411876113504,16.596920000046318,,3.259164326894414,2.277778303194499,1.7040250345205337,4060.291601491908
479,1751,2,3,1727.3395729408705,1360.8397209537343,69.1844522240031,6.431248427205604,126.2432855610579,16.88622192043104,16.597400000034394,,3.25948569080999,2.278080300950038,1.6984948870495171,4060.301601491913
480,1751,2,3,1727.3435192053817,1362.386347193569,69.18445244499554,6.429382426853406,126.2340711953701,16.888032739042583,16.597880000041744,,3.259807060204531,2.2783824586927364,1.6929702957855028,4060.311601491919
481,1751,2,3,1727.3477547229393,1363.9324539578254,69.18445266521984,6.427494813842825,126.22485973834708,16.889844303818087,16.59836000002458,,3.260128435046316,2.278684775813838,1.6874513207211703,4060.3216014919253
482,1751,2,3,1727.3522756712532,1365.478035913901,69.18445288774791,6.425585850020198,126.2156512180391,16.891656586964864,16.598840000028538,,3.260449815363486,2.278987251760881,1.681938020820691,4060.3316014919305
483,1751,2,3,1727.3570782265656,1367.023087442879,69.18445311565168,6.423655797585432,126.20644566421218,16.893469560352735,16.599320000009836,,3.260771201124318,2.2792898859250768,1.6764304560756942,4060.3416014919367
484,1751,2,3,1727.3621585653207,1368.5676032152185,69.18445335200315,6.421704918380908,126.197243104918,16.895283196189173,16.599800000014106,,3.2610925923569525,2.279592677753994,1.6709286854514123,4060.3516014919423
485,1751,2,3,1727.3675128623936,1370.1115776152258,69.1844535998742,6.4197334746104415,126.188043569923,16.897097466343865,16.600279999997554,,3.2614139890296676,2.2798956266388153,1.6654327689384014,4060.3616014919485
486,1751,2,3,1727.3731372929735,1371.6550053164226,69.18445386233687,6.417741728112558,126.17884708728016,16.89891234302441,16.600760000005828,,3.2617353911706037,2.280198732027138,1.6599427655029795,4060.371601491955
487,1751,2,3,1727.3790281493648,1373.197880771746,69.18445414233501,6.415729943467266,126.1696536865148,16.900727798855414,16.601239999995094,,3.2620567987480396,2.280501993307107,1.6544587327090998,4060.381601491961
488,1751,2,3,1727.3851844567291,1374.7402002276451,69.18445443986879,6.413698439446723,126.16046338988482,16.902543824164738,16.601720000010065,,3.2623782117901357,2.280805409854109,1.6489806713120396,4060.3916014919682
489,1751,2,3,1727.3916079709727,1376.28196114811,69.1844547519943,6.411647589764614,126.15127621580588,16.904360426307203,16.60220000000515,,3.262699630265205,2.2811089809178053,1.6435085273013617,4060.401601491975
490,1751,2,3,1727.3983005674481,1377.8231613494572,69.1844550756398,6.409577770126845,126.14209218074102,16.90617761373093,16.602680000024126,,3.2630210542014306,2.281412705801374,1.638042243221302,4060.411601491982
491,1751,2,3,1727.405264119779,1379.3637983605643,69.18445540773348,6.407489356623057,126.1329113028646,16.907995394545647,16.603160000021365,,3.263342483567125,2.281716583751436,1.632581762634821,4060.4216014919884
492,1751,2,3,1727.4125005023511,1380.9038699969483,69.18445574520352,6.4053827249556585,126.12373359864132,16.9098137771996,16.603640000040652,,3.263663918390472,2.282020614071199,1.627127028087241,4060.431601491996
493,1751,2,3,1727.4200115877168,1382.4433737868742,69.18445608497811,6.403258251217722,126.11455908624613,16.9116327698024,16.604120000036357,,3.2639853586397822,2.282324796007256,1.6216779831404464,4060.4416014920034
494,1751,2,3,1727.4277992492975,1383.9823075450759,69.18445642398544,6.401116311108294,126.10538778214526,16.913452380802422,16.60460000005225,,3.264306804343241,2.2826291288628426,1.6162345703408245,4060.45160149201
495,1751,2,3,1727.4358653585707,1385.5206687992415,69.18445675915369,6.398957280723736,126.09621970451396,16.91527261830918,16.60508000004272,,3.2646282554691592,2.2829336118845234,1.6107967332492057,4060.4616014920175
496,1751,2,3,1727.4442117879737,1387.0584553633214,69.1844570874111,6.396781535759876,126.08705486981988,16.917093490771165,16.60556000005153,,3.264949712045721,2.283238244375562,1.6053644144130212,4060.471601492024
497,1751,2,3,1727.452840407943,1388.5956647643907,69.18445740568582,6.394589452316226,126.07789329623888,16.91891500629777,16.60604000003306,,3.2652711740412377,2.2835430255824956,1.5999375573920676,4060.481601492031
498,1751,2,3,1727.4617530899504,1390.1322948155819,69.18445771090607,6.3923814060855335,126.06873500024025,16.92073717333762,16.606520000031093,,3.2655926414838943,2.2838479548086155,1.5945161047347989,4060.491601492038
499,1751,2,3,1727.4709517033573,1391.6683430434095,69.184458,6.39015777317032,126.05957999999997,16.92256,16.607,,3.265914114342,2.28415303130043,1.5891,4060.5016014920443
500,1751,2,3,1727.4804369237233,1393.2038067334756,69.18445827091969,6.387918924842215,126.05042831364209,16.924383487289823,16.607479999961818,,3.266235592628776,2.2844582543363665,1.5836892235310416,4060.511601492051
501,1751,2,3,1727.490204648111,1394.73868135076,69.1844585257126,6.385665214278885,126.04127996419975,16.92620760677647,16.60795999994106,,3.266557076357461,2.28476362315217,1.578283905840612,4060.521601492057
502,1751,2,3,1727.5002495772171,1396.2729616921297,69.18445876744993,6.383396990450408,126.03213497721183,16.928032322415568,16.608439999895793,,3.2668785654963863,2.285069136930249,1.5728842157384664,4060.531601492063
503,1751,2,3,1727.5105664131145,1397.8066428420402,69.18445899920303,6.381114601905746,126.02299337651397,16.929857598502565,16.608919999873493,,3.2672000600737645,2.285374794909901,1.5674903210280766,4060.541601492069
504,1751,2,3,1727.5211498555022,1399.339719600939,69.18445922404314,6.378818397617645,126.01385518764545,16.931683398993,16.609399999832235,,3.2675215600579253,2.285680596273507,1.562102390518135,4060.551601492075
505,1751,2,3,1727.5319946055442,1400.8721870566083,69.18445944504154,6.376508726132464,126.00472043444366,16.933509688182415,16.609879999819483,,3.2678430654770843,2.285986540260393,1.5567205920132077,4060.5616014920806
506,1751,2,3,1727.5430953619455,1402.404040013059,69.18445966526953,6.374185936425491,125.99558914244828,16.935336430026247,16.610359999793314,,3.2681645762995686,2.2862926260529117,1.5513450943208613,4060.5716014920863
507,1751,2,3,1727.554446824958,1403.9352735613884,69.1844598877984,6.371850377040604,125.98646133549842,16.93716358882016,16.610839999801204,,3.2684860925535952,2.2865988528904166,1.5459760652468195,4060.581601492092
508,1751,2,3,1727.5660436922824,1405.4658825091235,69.18446011569938,6.3695023969555065,125.97733703913428,16.938991128519483,16.611319999801214,,3.2688076142074913,2.286905219955234,1.540613673597459,4060.5916014920977
509,1751,2,3,1727.5778806632597,1406.9958619506879,69.18446035204377,6.36714234471173,125.9682162771965,16.94081901341997,16.611799999840834,,3.2691291412894725,2.287211726486743,1.5352580871797252,4060.601601492104
510,1751,2,3,1727.5899524345766,1408.525206697107,69.18446059990288,6.364770569289257,125.9590990752258,16.9426472074769,16.612279999878115,,3.2694506737678677,2.287518371667244,1.5299094747987425,4060.6116014921104
511,1751,2,3,1727.6022537046604,1410.0539118460792,69.18446086234795,6.362387419227405,125.9499854570645,16.944475674986087,16.61275999996055,,3.2697722116708925,2.287825154736142,1.5245680042627394,4060.621601492116
512,1751,2,3,1727.6147793256027,1411.5819723071506,69.18446114232233,6.359993242399856,125.94087544788076,16.946304380907215,16.61324000004592,,3.2700937549668736,2.2881320748757368,1.5192338408299921,4060.6316014921226
513,1751,2,3,1727.627527748872,1413.1093854606668,69.18446143982705,6.3575883607410395,125.93176906257163,16.948133313642835,16.613720000175253,,3.2704153036840307,2.2884391313260504,1.5139070672172579,4060.641601492129
514,1751,2,3,1727.6405010208325,1414.636150586965,69.1844617519207,6.355173071137958,125.92266630915725,16.94996248435709,16.61420000029393,,3.2707368577906926,2.288746323270492,1.5085876855868887,4060.6516014921363
515,1751,2,3,1727.6537013464595,1416.162267345015,69.18446207553396,6.352747668920276,125.91356719358956,16.95179190555926,16.614680000436504,,3.2710584173150803,2.2890536499496994,1.5032756935642024,4060.661601492143
516,1751,2,3,1727.667130928088,1417.6877351086066,69.18446240759752,6.350312449868457,125.90447172351635,16.953621589417907,16.6151600005481,,3.271379982225523,2.2893611105470812,1.4979710897646408,4060.6716014921503
517,1751,2,3,1727.6807919703356,1419.2125535349742,69.18446274504211,6.347867709310303,125.89537990489109,16.955451548442355,16.61564000066326,,3.271701552550243,2.2896687043033013,1.4926738718148973,4060.6816014921574
518,1751,2,3,1727.694686675108,1420.7367219963185,69.18446308479835,6.345413743028084,125.8862917453623,16.957281794801105,16.616120000727108,,3.2720231282575676,2.2899764304017434,1.4873840383290378,4060.6916014921644
519,1751,2,3,1727.7088172466713,1422.2602401480788,69.184463423797,6.342950846347856,125.87720725088529,16.959112341003568,16.61660000077419,,3.2723447093757208,2.2902842880830954,1.4821015869351317,4060.7016014921714
520,1751,2,3,1727.7231858864843,1423.783107360996,69.18446375896869,6.340479315053578,125.86812642910856,16.96094319921818,16.617080000749645,,3.272666295873028,2.2905922765307163,1.47682651624587,4060.7116014921785
521,1751,2,3,1727.737794798483,1425.3053232886527,69.18446408724417,6.337999444469672,125.85904928598967,16.9627743819544,16.617560000687998,,3.2729878877777145,2.2909003949853197,1.4715588238906965,4060.7216014921855
522,1751,2,3,1727.7526461836953,1426.826887300261,69.18446440555407,6.335511530381675,125.84997582917751,16.96460590138063,16.61804000053438,,3.273309485058105,2.291208642630239,1.4662985084809275,4060.7316014921926
523,1751,2,3,1727.7677422456993,1428.3477990476827,69.18446471082913,6.3330158681124855,125.84090606463108,16.966437770006387,16.61852000032334,,3.2736310877424257,2.291517018706213,1.4610455676473812,4060.741601492199
524,1751,2,3,1727.7830851851077,1429.8680578985459,69.184465,6.330512753449112,125.83184000000001,16.96827,16.619,,3.273952695799,2.29182552239655,1.4558,4060.751601492206
525,1751,2,3,1727.7986756389166,1431.3876630312795,69.18446527101928,6.328002487362264,125.82277764212252,16.97010259436235,16.61947999958456,,3.274274309241081,2.292134152935258,1.45056182812973,4060.761601492212
526,1751,2,3,1727.8145079820295,1432.906612020501,69.18446552592702,6.325485392950021,125.81371899966051,16.97193551840089,16.619959999129254,,3.2745959280819275,2.292442909586853,1.445331173488918,4060.7716014922185
527,1751,2,3,1727.8305750216196,1434.4249018291719,69.18446576778523,6.322961799194436,125.80466408299745,16.973768727743643,16.62043999862726,,3.2749175522898697,2.292751791580333,1.440108182975456,4060.781601492224
528,1751,2,3,1727.8468695678607,1435.9425297047956,69.18446599965586,6.320432034608132,125.79561290083035,16.975602178360067,16.620919998161174,,3.2752391818931454,2.2930607982022186,1.4348930025136741,4060.7916014922303
529,1751,2,3,1727.8633844279236,1437.4594926138107,69.1844662246008,6.317896428174341,125.78656546354289,16.977435825878125,16.621399997724176,,3.2755608168600854,2.2933699286814866,1.4296857790000235,4060.8016014922364
530,1751,2,3,1727.8801124120691,1438.975787806853,69.18446644568209,6.315355308404567,125.7775217798342,16.979269626267314,16.621879997398853,,3.2758824572189273,2.2936791823046816,1.4244866583603017,4060.8116014922416
531,1751,2,3,1727.8970463274632,1440.4914122537919,69.18446666596166,6.312809004283099,125.76848186008839,16.981103535155572,16.622359997178396,,3.276204102938,2.2939885583007564,1.4192957874894647,4060.8216014922477
532,1751,2,3,1727.9141789844336,1442.0063632084489,69.18446688850148,6.310257844320449,125.7594457130063,16.98293750851242,16.62283999714539,,3.276525754045543,2.2942980559562782,1.4141133123148337,4060.8316014922534
533,1751,2,3,1727.9315031901474,1443.5206376440783,69.18446711636349,6.307702157501838,125.75041334897264,16.984771501965774,16.623319997293027,,3.2768474105098844,2.2946076745001776,1.4089393797298138,4060.841601492259
534,1751,2,3,1727.9490117549797,1445.0342328176835,69.18446735260969,6.305142272336903,125.74138477668991,16.986605471485174,16.623799997703895,,3.277169072359265,2.2949174132190437,1.4037741356633038,4060.8516014922648
535,1751,2,3,1727.9666974860813,1446.547145705898,69.184467600302,6.30257851781168,125.73236000654333,16.988439372698533,16.624279998371172,,3.2774907395620105,2.2952272713417856,1.3986177270071039,4060.8616014922713
536,1751,2,3,1727.9845531938915,1448.0593735688617,69.1844678625024,6.300011222435053,125.7233390472373,16.99027316157538,16.62475999937745,,3.2778124121463637,2.2955372481550147,1.3934702996917447,4060.8716014922775
537,1751,2,3,1728.002571861974,1449.5709135059801,69.18446814214583,6.297440711668042,125.7143219086615,16.992106794890912,16.625240000712186,,3.2781340900806493,2.295847342889091,1.3883319981953992,4060.881601492284
538,1751,2,3,1728.0207505355318,1451.0817656451636,69.18446843924603,6.294867229401911,125.70530858762152,16.993940256148328,16.625720002368325,,3.2784557733931052,2.2961575548660558,1.383202910563036,4060.8916014922906
539,1751,2,3,1728.039090314946,1452.5919325780344,69.18446875089546,6.292290938915704,125.69629907119777,16.995773554895806,16.62620000416352,,3.278777462052046,2.2964678833841057,1.3780830703205675,4060.9016014922972
540,1751,2,3,1728.0575924808788,1454.1014172957189,69.18446907405958,6.289711999483157,125.68729334429685,16.997606702170238,16.626680006001088,,3.279099156085703,2.2967783278007063,1.3729725076274342,4060.9116014923043
541,1751,2,3,1728.0762583110152,1455.6102225068541,69.18446940570387,6.287130570858115,125.67829139350383,16.99943970866704,16.627160007694943,,3.279420855462391,2.297088887415511,1.3678712535958542,4060.9216014923113
542,1751,2,3,1728.0950890869512,1457.1183511999675,69.18446974279378,6.284546812313834,125.6692932037271,17.0012725854231,16.627640009148397,,3.279742560210344,2.2973995615860057,1.3627793383869988,4060.9316014923184
543,1751,2,3,1728.1140860872335,1458.6258060813802,69.18447008229477,6.28196088360461,125.66029876155194,17.003105343133857,16.628120010175376,,3.2800642702978733,2.2977103496118207,1.3576967931113497,4060.941601492326
544,1751,2,3,1728.133250594381,1460.1325901370246,69.18447042117236,6.279372944003279,125.65130805188859,17.00493799283616,16.62860001067919,,3.280385985753214,2.298021250850465,1.3526236479318205,4060.951601492333
545,1751,2,3,1728.1525838878042,1461.6387060708935,69.18447075639195,6.276783153264525,125.64232106132273,17.006770545225482,16.629080010473746,,3.2807077065446775,2.2983322646015485,1.3475599339571454,4060.96160149234
546,1751,2,3,1728.1720872509502,1463.1441568663136,69.18447108491905,6.274191670660827,125.63333777476655,17.008603011338643,16.629560009462374,,3.2810294327004996,2.298643390222599,1.3425056813519907,4060.9716014923465
547,1751,2,3,1728.1917619640956,1464.6489452249834,69.18447140371912,6.271598655947198,125.624358178806,17.010435401871128,16.63004000745898,,3.281351164188991,2.298954627013207,1.3374609212233315,4060.981601492354
548,1751,2,3,1728.2116093116047,1466.1530741276947,69.18447170975762,6.269004268395816,125.61538225835491,17.012267727859747,16.63052000436689,,3.2816729010383883,2.2992659743309214,1.3324256837376003,4060.99160149236
549,1751,2,3,1728.2316305746206,1467.6565462737817,69.184472,6.266408667761963,125.60640999999998,17.0141,16.631,,3.281994643217,2.29957743147531,1.3274,4061.001601492367
550,1751,2,3,1728.2518260613158,1469.1593635075353,69.18447227240621,6.2638120069392675,125.59744139423933,17.015932222435104,16.631479994350798,,3.2823163907380826,2.2998889978029213,1.3223839016800865,4061.0116014923733
551,1751,2,3,1728.2721921753805,1470.6615234166234,69.18447252891396,6.261214412824154,125.5884764522328,17.01776437207529,16.631959987857776,,3.282638143614891,2.300200672724275,1.3173774255211608,4061.0216014923794
552,1751,2,3,1728.2927243412464,1472.163022315898,69.18447277245541,6.258616006176704,125.5795151915579,17.019596418766604,16.632439981003884,,3.2829599018157336,2.3005124556198377,1.312380610233688,4061.0316014923856
553,1751,2,3,1728.3134179868475,1473.6638568010733,69.18447300596274,6.256016907273089,125.57055762812344,17.021428332696317,16.63291997436147,,3.28328166536885,2.300824345928138,1.3073934935965048,4061.0416014923912
554,1751,2,3,1728.3342685359933,1475.1640231894353,69.18447323236812,6.253417236873531,125.56160377950752,17.023260083710486,16.63339996841348,,3.2836034342425466,2.3011363430296212,1.3024161143182729,4061.0516014923974
555,1751,2,3,1728.355271416055,1476.6635180789042,69.18447345460373,6.250817115254083,125.55265366162078,17.025091641996358,16.633879963732273,,3.2839252084650634,2.3014484463628375,1.2974485101796405,4061.061601492403
556,1751,2,3,1728.3764220501982,1478.1623377892663,69.18447367560175,6.248216663175063,125.54370729204143,17.026922977400016,16.634359960800797,,3.284246988004706,2.3017606553082124,1.2924907198874518,4061.0716014924087
557,1751,2,3,1728.3977158652403,1479.660478920583,69.1844738982943,6.245616000912451,125.53476468668225,17.028754060108675,16.634839960191396,,3.2845687728897173,2.302072969304314,1.2875427812241784,4061.0816014924144
558,1751,2,3,1728.419148283706,1481.1579377950727,69.18447412561362,6.243015249226614,125.52582586312187,17.030584859968442,16.635319962387026,,3.2848905630884,2.3023853877315497,1.282604732894834,4061.0916014924205
559,1751,2,3,1728.4407147318257,1482.6547110150486,69.18447436049183,6.240414528393506,125.51689083727445,17.032415347166477,16.63579996796004,,3.285212358628997,2.302697910028507,1.2776766126837287,4061.1016014924267
560,1751,2,3,1728.462410631515,1484.1507949050833,69.18447460586114,6.2378139591735,125.50795962671947,17.03424549154897,16.636279977393375,,3.2855341594798126,2.303010535575573,1.2727584592940293,4061.1116014924323
561,1751,2,3,1728.4842314084017,1485.6461860696752,69.18447486465371,6.235213661842565,125.49903224737272,17.036075263303008,16.6367599912594,,3.2858559656690898,2.3033232638113557,1.2678503105119001,4061.121601492439
562,1751,2,3,1728.5061726217664,1487.1408809989998,69.18447513968746,6.232613758248874,125.49010871600638,17.037904633251706,16.637240009989032,,3.286177777165131,2.303636094117912,1.262952206816621,4061.131601492445
563,1751,2,3,1728.5282330088464,1488.63488021508,69.18447543115346,6.230014394776617,125.48118902915732,17.039733595027407,16.6377200329062,,3.286499593996175,2.3039490259744277,1.2580642286675914,4061.1416014924516
564,1751,2,3,1728.550414477214,1490.1281877133113,69.18447573661572,6.227415743314511,125.47227316645149,17.041562164390083,16.638200058048994,,3.2868214161305143,2.304262058840678,1.2531864983289966,4061.151601492458
565,1751,2,3,1728.5727190772157,1491.6208079288956,69.18447605352412,6.224817976355019,125.46336110504652,17.043390358417287,16.6386800834929,,3.2871432435963817,2.304575192236425,1.2483191389335015,4061.1616014924653
566,1751,2,3,1728.5951488556818,1493.1127450173167,69.18447637932849,6.222221266874546,125.45445282376099,17.045218193845958,16.639160107224008,,3.287465076362068,2.3048884256231146,1.243462274521345,4061.171601492472
567,1751,2,3,1728.6177058642818,1494.6040034103632,69.1844767114787,6.219625787365739,125.44554829975469,17.04704568775357,16.639640127317797,,3.2877869144558085,2.305201758520528,1.2386160282271341,4061.1816014924793
568,1751,2,3,1728.6403921511146,1496.0945872604314,69.18447704742452,6.217031710804791,125.43664751184654,17.048872856877132,16.64012014176035,,3.2881087578458925,2.3055151903900937,1.2337805240891424,4061.1916014924864
569,1751,2,3,1728.663209769152,1497.5845009960385,69.1844773846159,6.214439209684589,125.42775043719772,17.050699718294034,16.64060014862715,,3.288430606560557,2.3058287207516104,1.2289558852439664,4061.2016014924934
570,1751,2,3,1728.6861607677706,1499.0737487664699,69.18447772050263,6.211848456981055,125.41885705462775,17.052526288741376,16.641080145904283,,3.288752460568089,2.3061423490664876,1.224142235727866,4061.2116014925004
571,1751,2,3,1728.7092472012396,1500.5623349969237,69.18447805253454,6.209259625187385,125.40996734129955,17.054352585296456,16.64156013166723,,3.289074319896727,2.3064560748545437,1.2193396986794742,4061.2216014925075
572,1751,2,3,1728.732471120211,1502.0502638336309,69.18447837816151,6.206672887279154,125.40108127603307,17.05617862469643,16.64204010390208,,3.289396184514758,2.306769897577169,1.214548398132993,4061.2316014925145
573,1751,2,3,1728.7558345802797,1503.5375396984664,69.18447869483339,6.204088415749934,125.39219883599316,17.058004424018556,16.64252006068431,,3.2897180544504208,2.3070838167542003,1.2097684572291356,4061.241601492521
574,1751,2,3,1728.7793396333493,1505.0241667346374,69.184479,6.2015063835748965,125.38332000000004,17.05983,16.643,,3.290039929672,2.30739783184701,1.205,4061.251601492528
575,1751,2,3,1728.802986980019,1506.5101481286406,69.18447929172363,6.198926935546472,125.37444475094286,17.061655360540893,16.643479921455366,,3.290361810192748,2.3077119423734205,1.2002431428465183,4061.2616014925343
576,1751,2,3,1728.8267719004903,1507.9954824145746,69.1844795705163,6.19635010517105,125.3655730929492,17.0634804771728,16.643959830868898,,3.2906836960259143,2.308026147901663,1.195497974319201,4061.271601492541
577,1751,2,3,1728.8506883164096,1509.480166757251,69.18447983750245,6.193775898493308,125.35670503669567,17.065305312080227,16.64443973554511,,3.291005587139786,2.3083404479686704,1.1907645766680355,4061.2816014925475
578,1751,2,3,1728.8747301537917,1510.9641985994067,69.1844800938065,6.191204321078196,125.3478405912073,17.0671298277876,16.644919642877912,,3.291327483562602,2.3086548421699082,1.186043031260255,4061.2916014925536
579,1751,2,3,1728.8988913340975,1512.4475751086088,69.18448034055292,6.188635378969903,125.33897976716119,17.068953986479457,16.645399560171835,,3.2916493852626463,2.3089693300422915,1.1813334203436465,4061.3016014925597
580,1751,2,3,1728.9231657832077,1513.9302937301532,69.18448057886616,6.18606907773387,125.33012257358399,17.07077775068016,16.645879494820782,,3.291971292268161,2.309283911181305,1.1766358252876585,4061.3116014925654
581,1751,2,3,1728.947547422397,1515.4123516343889,69.18448080987065,6.183505423413794,125.32126902115313,17.07260108257432,16.646359454129275,,3.2922932045474287,2.309598585123845,1.1719503283378476,4061.3216014925715
582,1751,2,3,1728.9720301773953,1516.893746269092,69.18448103469082,6.1809444215756075,125.31241911889718,17.074423944686195,16.64683944549123,,3.2926151221286917,2.309913351465414,1.167277010865908,4061.331601492577
583,1751,2,3,1728.996607969297,1518.37447480741,69.18448125445114,6.178386078262516,125.30357287749378,17.07624629920048,16.647319476211166,,3.2929370449802313,2.310228209742891,1.1626159551151352,4061.341601492583
584,1751,2,3,1729.021274723669,1519.854534699636,69.18448147027604,6.175830399040946,125.29473030597315,17.078068108641354,16.64779955368299,,3.2932589731302926,2.310543159551795,1.1579672424594991,4061.3516014925885
585,1751,2,3,1729.0460243614084,1521.3339231216444,69.18448168328997,6.173277389953606,125.28589141501338,17.079889335193602,16.648279685211218,,3.2935809065471546,2.31085820042899,1.1533309551400048,4061.361601492594
586,1751,2,3,1729.0708508079304,1522.8126375262489,69.18448189461736,6.170727056567421,125.27705621364636,17.081709941381284,16.64875987818978,,3.2939028452590637,2.3111733319700094,1.1487071745329285,4061.3716014926003
587,1751,2,3,1729.0957481350592,1524.2906752175484,69.18448210538267,6.168179405694368,125.26822471198258,17.083529890398477,16.649240139198653,,3.2942247892342986,2.3114885537131036,1.144095984580552,4061.3816014926056
588,1751,2,3,1729.1207138954571,1525.7680366623113,69.18448231671032,6.16563446137633,125.25939690542504,17.08534916898938,16.649720458243348,,3.2945467385011007,2.311803865287494,1.1394975075478693,4061.3916014926112
589,1751,2,3,1729.1457491136655,1527.2447249378279,69.18448252972465,6.163092265834157,125.2505727779591,17.08716778677033,16.650200808576002,,3.294868693027743,2.312119266295945,1.134911905740361,4061.401601492617
590,1751,2,3,1729.1708549705406,1528.7207435208222,69.18448274555007,6.160552861584695,125.24175231135865,17.088985754705632,16.650681162813708,,3.2951906528424635,2.3124347564013625,1.1303393423117847,4061.4116014926226
591,1751,2,3,1729.1960326427984,1530.196095611783,69.18448296531095,6.158016291618049,125.2329354890415,17.09080308342093,16.651161493484075,,3.2955126179135332,2.3127503352078986,1.125779981268807,4061.4216014926283
592,1751,2,3,1729.2212833123465,1531.6707846848535,69.18448319013167,6.155482598451587,125.22412229278335,17.09261978388041,16.651641773204197,,3.2958345882691935,2.3130660023784757,1.1212339857676286,4061.4316014926344
593,1751,2,3,1729.2466081569166,1533.1448139382446,69.1844834211366,6.152951825074885,125.21531270600227,17.094435866709798,16.652121974501693,,3.2961565638777124,2.313381757517229,1.116701519812442,4061.4416014926396
594,1751,2,3,1729.2720083594802,1534.6181868435733,69.18448365945015,6.150424014005848,125.20650671047564,17.09625134287317,16.652602069993634,,3.2964785447673326,2.3136976002870977,1.1121827465619525,4061.4516014926458
595,1751,2,3,1729.297485098776,1536.0909065967794,69.18448390619665,6.147899208233503,125.19770428962174,17.098066222996362,16.65308203220767,,3.296800530906322,2.3140135302922005,1.1076778300178178,4061.461601492652
596,1751,2,3,1729.3230395588314,1537.562976666932,69.18448416250052,6.145377450276315,125.18890542521983,17.09988051804332,16.653561833760847,,3.2971225223229235,2.3143295471954923,1.1031869333413087,4061.471601492658
597,1751,2,3,1729.34867291942,1539.0344002476893,69.1844844294861,6.142858783122745,125.18011010068865,17.101694238639997,16.65404144718083,,3.2974445189854045,2.3146456506010757,1.0987102205314865,4061.4816014926646
598,1751,2,3,1729.374386365609,1540.5051808056355,69.18448470827781,6.140343249291829,125.171318297809,17.10350739575021,16.654520845084647,,3.2977665209220075,2.3149618401719234,1.0942478547522487,4061.4916014926707
599,1751,2,3,1729.4001810781963,1541.975321532162,69.184485,6.137830891771449,125.16253000000003,17.10532,16.655,,3.298088528101,2.31527811551212,1.0898,4061.5016014926778
600,1751,2,3,1729.4260578687642,1543.4448253107932,69.18448530516466,6.135321755003071,125.15374519207174,17.107132059547208,16.65547890615307,,3.298410540535632,2.315594476279633,1.0853668232953912,4061.511601492684
601,1751,2,3,1729.452016055988,1544.9136929754332,69.18448562183424,6.132815890649068,125.14496386930936,17.108943571663527,16.655957644296024,,3.298732558239154,2.315910922171295,1.0809485062537048,4061.521601492691
602,1751,2,3,1729.4780545817262,1546.3819246424139,69.18448594745875,6.130313352526879,125.13618603084343,17.110754530646094,16.656436316745634,,3.2990545811798326,2.316227452849441,1.0765452347550875,4061.531601492698
603,1751,2,3,1729.5041723928016,1547.849520701372,69.18448627948828,6.127814193987501,125.12741167416978,17.11256493112942,16.65691502590786,,3.299376609385915,2.316544068035358,1.0721571938581227,4061.541601492705
604,1751,2,3,1729.5303684312928,1549.3164812682805,69.18448661537283,6.12531846884775,125.11864079841955,17.114374767410727,16.65739387409949,,3.2996986428256667,2.3168607673913653,1.0677845694401378,4061.551601492712
605,1751,2,3,1729.5566416442562,1550.7828067322382,69.18448695256247,6.122826230459257,125.10987340109011,17.11618403412441,16.6578729637265,,3.300020681527336,2.317177550638765,1.0634275465625702,4061.561601492719
606,1751,2,3,1729.5829909739853,1552.2484972089362,69.18448728850723,6.120337532638194,125.10110948131282,17.117992725567788,16.658352397105638,,3.300342725459187,2.317494417439861,1.0590863110998587,4061.571601492726
607,1751,2,3,1729.6094153677848,1553.7135530869323,69.18448762065715,6.117852428736849,125.09234903658667,17.119800836375166,16.658832276642933,,3.3006647746494693,2.317811367515971,1.054761048116364,4061.581601492733
608,1751,2,3,1729.6359137681525,1555.1779744815753,69.1844879464623,6.115370972570723,125.0835920660435,17.121608360843954,16.659312704655065,,3.3009868290664452,2.3181284005293836,1.050451943483567,4061.59160149274
609,1751,2,3,1729.662485122637,1556.6417617809013,69.18448826337267,6.1128932174927835,125.07483856718385,17.123415293608325,16.65979378354815,,3.301308888738366,2.3184455162014324,1.0461591822688208,4061.6016014927472
610,1751,2,3,1729.6891283739428,1558.104915099992,69.18448856883835,6.1104192173178475,125.06608853913966,17.125221628965818,16.660275615638753,,3.301630953633494,2.3187627141943894,1.0418829503405787,4061.611601492754
611,1751,2,3,1729.7158424698548,1559.5674348263053,69.18448886030937,6.107949025399573,125.0573419794133,17.12702736155049,16.660758303333132,,3.301953023780079,2.3190799942296043,1.037623432769256,4061.6216014927604
612,1751,2,3,1729.7426263017423,1561.0293210812001,69.18448913534993,6.105482693649636,125.04859888703503,17.12883248537155,16.66124193885647,,3.3022750991463825,2.3193973559703642,1.033380811892624,4061.631601492767
613,1751,2,3,1729.7694775803154,1562.4905744097457,69.18448939415084,6.103020229763831,125.03985925705878,17.130636988140925,16.66172638242556,,3.302597179760658,2.319714799162773,1.0291551881221561,4061.6416014927727
614,1751,2,3,1729.796392825772,1563.951195236412,69.18448963952932,6.100561598140855,125.03112308381927,17.132440850600744,16.66221126206869,,3.3029192655911634,2.3200323235175193,1.0249465815235046,4061.6516014927793
615,1751,2,3,1729.8233685120651,1565.4111842646275,69.18448987441684,6.098106760818646,125.02239035992214,17.13424405354077,16.662696195813158,,3.3032413566661516,2.3203499288054585,1.0207550078492391,4061.661601492785
616,1751,2,3,1729.850401108414,1566.8705419260734,69.18449010174481,6.095655680292749,125.01366107960048,17.13604657741482,16.66318080159596,,3.3035634529538807,2.320667614738296,1.0165804836342545,4061.6716014927906
617,1751,2,3,1729.8774870893799,1568.3292689246168,69.18449032444472,6.093208318601804,125.00493523546146,17.137848403012534,16.66366469744438,,3.303885554482604,2.3209853810869028,1.0124230246342938,4061.6816014927963
618,1751,2,3,1729.90462292477,1569.7873656926433,69.18449054544803,6.090764638240659,124.99621282173823,17.139649510787848,16.664147501295506,,3.3042076612205786,2.3213032275629693,1.0082826473810758,4061.6916014928024
619,1751,2,3,1729.9318050897405,1571.2448329343965,69.18449076768614,6.0883246012486465,124.9874938310398,17.14144988153025,16.66462883117645,,3.304529773196059,2.3216211539373806,1.0041593676335234,4061.7016014928076
620,1751,2,3,1729.9590300546756,1572.701671082919,69.18449099409055,6.085888170119932,124.97877825759966,17.143249495693798,16.665108305024546,,3.304851890377301,2.3219391599218118,1.0000532019201718,4061.7116014928138
621,1751,2,3,1729.98629429533,1574.1578808429188,69.1844912275927,6.083455306894521,124.97006609402821,17.145048334067837,16.665585540866587,,3.305174012792561,2.3222572452871644,0.9959641660031306,4061.7216014928194
622,1751,2,3,1730.0135942826687,1575.613462648068,69.184491471124,6.081025974065911,124.96135733455945,17.14684637710657,16.666060156640302,,3.305496140410093,2.3225754097450975,0.9918922764077456,4061.7316014928256
623,1751,2,3,1730.0409264930238,1577.0684172035171,69.18449172761596,6.07860013367477,124.95265197180524,17.14864360559918,16.666531770372025,,3.305818273258155,2.3228936530665276,0.9878375488993185,4061.741601492832
624,1751,2,3,1730.068287397942,1578.5227449435777,69.184492,6.076177748213942,124.94395000000006,17.15044,16.667,,3.306140411305,2.3232119749631,0.9838,4061.7516014928383
625,1751,2,3,1730.0956746379773,1579.9764466337715,69.18449229021368,6.073758789489736,124.93525141280439,17.152235547845375,16.6674647648164,,3.306462554563884,2.323530375197831,0.9797797036998828,4061.761601492845
626,1751,2,3,1730.1230905135617,1581.429523549671,69.18449259621909,6.071343267918827,124.92655620644837,17.154030263995164,16.66792718926468,,3.306784703048064,2.3238488535614077,0.9757769661314184,4061.7716014928515
627,1751,2,3,1730.1505384862862,1582.8819768902595,69.1844929149843,6.068931203907691,124.91786437901959,17.15582416988941,16.66838869901175,,3.3071068567257917,2.3241674098069396,0.9717921520206154,4061.7816014928585
628,1751,2,3,1730.1780220228752,1584.3338081238662,69.18449324347753,6.0665226174132005,124.90917592698639,17.15761728730238,16.668850719810646,,3.307429015625326,2.3244860437468646,0.9678256253496059,4061.791601492865
629,1751,2,3,1730.2055445850024,1585.7850184470008,69.18449357866692,6.06411752884118,124.90049084843645,17.159409637674294,16.669314677328313,,3.3077511797149177,2.324804755134277,0.9638777508410259,4061.8016014928726
630,1751,2,3,1730.2331096395028,1587.2356093252172,69.1844939175206,6.061715958149154,124.8918091398399,17.161201242779256,16.66978199731801,,3.308073349022826,2.3251235437816296,0.9599488924804479,4061.8116014928796
631,1751,2,3,1730.260720648122,1588.685581952522,69.18449425700672,6.059317925742295,124.88313079928467,17.16299212405761,16.670254105446197,,3.308395523517302,2.3254424094420028,0.9560394149869998,4061.8216014928867
632,1751,2,3,1730.2883810778048,1590.1349377917484,69.18449459409347,6.056923451578781,124.87445582324241,17.164782303283328,16.670732427466895,,3.3087177032266046,2.3257613519278633,0.9521496823498301,4061.8316014928937
633,1751,2,3,1730.3160943903863,1591.5836780344118,69.18449492574898,6.054532556063126,124.86578420980133,17.16657180189687,16.671218389045528,,3.309039888118984,2.3260803709922757,0.9482800592844225,4061.8416014929007
634,1751,2,3,1730.3438640529143,1593.0318041406,69.18449524894142,6.052145259154172,124.85711595543475,17.168360641672074,16.671713415937415,,3.309362078222701,2.3263994664477226,0.9444309097836375,4061.8516014929073
635,1751,2,3,1730.3716935273244,1594.4793172993488,69.1844955606389,6.0497615812557655,124.84845105823115,17.170148844049525,16.672218933806427,,3.3096842735060035,2.3267186380472547,0.9406025985591795,4061.8616014929144
636,1751,2,3,1730.3995862807692,1595.9262189680544,69.18449585780964,6.047381542327421,124.83978951466527,17.171936430802916,16.672736368409694,,3.3100064739971553,2.3270378856033678,0.9367954896077562,4061.871601492921
637,1751,2,3,1730.4275455661223,1597.3725103278707,69.18449613754848,6.045005162620123,124.8311313226062,17.173723422165914,16.673267068856255,,3.310328679664402,2.327357208869818,0.9330099413473505,4061.8816014929275
638,1751,2,3,1730.4555698310708,1598.8181927041958,69.1844963998655,6.0426324584416635,124.82247647325747,17.175509810943296,16.673810623639422,,3.3106508905360106,2.3276766076763673,0.9292461668232985,4061.8916014929337
639,1751,2,3,1730.4836527079838,1600.263267029242,69.18449664768585,6.040263443041899,124.81382495438216,17.177295561845238,16.674364860439194,,3.310973106580234,2.3279960818098266,0.9255042351184694,4061.90160149294
640,1751,2,3,1730.5117876258123,1601.7077344999395,69.18449688406153,6.0378981290769005,124.80517675191201,17.179080638707596,16.67492753048492,,3.311295327825342,2.328315631117225,0.9217842083269062,4061.9116014929455
641,1751,2,3,1730.539968008813,1603.1515960449212,69.18449711204441,6.035536529643657,124.79653185339077,17.18086500503365,16.675496384902047,,3.311617554239586,2.328635255386078,0.9180861492375979,4061.9216014929516
642,1751,2,3,1730.568187287005,1604.5948528627046,69.18449733468647,6.033178657398928,124.78789024475195,17.182648624659084,16.676069174921295,,3.311939785851238,2.328954954463429,0.9144101199486742,4061.9316014929577
643,1751,2,3,1730.5964388856717,1606.0375058837953,69.18449755503963,6.030824525439008,124.77925191353937,17.184431461087303,16.676643651667177,,3.3122620226285493,2.3292747281367787,0.9107561832450258,4061.941601492963
644,1751,2,3,1730.6247162358634,1607.479556308364,69.18449777615581,6.0284741464213525,124.77061684568783,17.186213478153856,16.677217566370935,,3.3125842645997903,2.3295945762531844,0.9071244012288917,4061.951601492969
645,1751,2,3,1730.6530127639035,1608.921005068727,69.18449800108698,6.026127533441561,124.76198502874169,17.18799463936227,16.677788670156968,,3.3129065117332117,2.3299144986001346,0.9035148366810425,4061.9616014929748
646,1751,2,3,1730.6813219018802,1610.3618533666727,69.18449823288503,6.023784699157788,124.7533564486373,17.18977490854793,16.678354714256198,,3.3132287640570874,2.3302344950247,0.8999275517078489,4061.9716014929804
647,1751,2,3,1730.7096370771187,1611.8021021363925,69.18449847460195,6.021445656664926,124.7447310929191,17.191554249214526,16.678913449793782,,3.3135510215396655,2.330554565314353,0.8963626090859373,4061.9816014929866
648,1751,2,3,1730.7379517227416,1613.2417525812778,69.18449872928963,6.019110418621839,124.73610894752505,17.193332625197264,16.679462627999474,,3.3138732842092207,2.3308747093161797,0.8928200709258347,4061.9916014929927
649,1751,2,3,1730.7662592670954,1614.6808056373504,69.184499,6.016778998122714,124.72749000000003,17.195110000000003,16.68,,3.314195552034,2.33119492681764,0.8893,4062.001601492999
650,1751,2,3,1730.7945550782888,1616.1192626194168,69.18449928877105,6.014451401663327,124.71887423794728,17.196886348689283,16.680523929399243,,3.3145178250272718,2.3315152176556753,0.8858024994244919,4062.0116014930054
651,1751,2,3,1730.822842266042,1617.5571255491172,69.18449959358489,6.0121276106518025,124.71026165402242,17.19866169158834,16.681035229399303,,3.3148401032023056,2.3318355816862817,0.8823278356756344,4062.021601493012
652,1751,2,3,1730.8511258715632,1618.9943964224872,69.18449991140953,6.009807600548713,124.70165224334734,17.20043606008664,16.681535325531303,,3.3151623865273465,2.3321560187254566,0.8788763165536436,4062.031601493019
653,1751,2,3,1730.8794109414189,1620.4310775016802,69.18450023921318,6.007491346382145,124.69304599944003,17.20220948590423,16.68202564342064,,3.3154846750306715,2.3324765286488804,0.8754482492137033,4062.0416014930256
654,1751,2,3,1730.9077025170247,1621.8671707793894,69.18450057396386,6.005178823611969,124.68444291742279,17.20398200043076,16.682507608600382,,3.3158069686805267,2.3327971112725367,0.8720439414516898,4062.051601493033
655,1751,2,3,1730.936005645169,1623.302678514194,69.18450091262974,6.002870007266968,124.67584299081533,17.20575363538609,16.68298264669425,,3.31612926750519,2.3331177664721188,0.8686637004271838,4062.06160149304
656,1751,2,3,1730.9643253674637,1624.7376026955606,69.18450125217888,6.000564872806319,124.66724621473973,17.20752442216002,16.683452183236728,,3.3164515714729053,2.3334384940635973,0.8653078339316075,4062.071601493047
657,1751,2,3,1730.9926667309078,1626.1719455785317,69.18450158957941,5.998263395259492,124.65865258271725,17.209294392472255,16.683917643850386,,3.316773880611951,2.3337592939226783,0.8619766491290529,4062.081601493054
658,1751,2,3,1731.0210347773339,1627.6057091492544,69.18450192179944,5.995965550084985,124.65006208987039,17.21106357771273,16.6843804540706,,3.317096194890571,2.33408016586532,0.8586704538063737,4062.0916014930613
659,1751,2,3,1731.0494345539626,1629.0388956592915,69.18450224580705,5.993671312312944,124.6414747297217,17.212832009600994,16.6848420395193,,3.3174185143370445,2.334401109767241,0.8553895551322881,4062.1016014930683
660,1751,2,3,1731.0778711028447,1630.4715070915017,69.18450255857037,5.991380657401192,124.63289049739399,17.21459971952711,16.685303825732234,,3.317740838919615,2.3347221254443866,0.852134260888966,4062.1116014930753
661,1751,2,3,1731.1063494714224,1631.9035456939664,69.1845028570575,5.989093560380545,124.62430938641113,17.216366739210486,16.685767238331238,,3.318063168666562,2.335043212772489,0.8489048782498663,4062.1216014930815
662,1751,2,3,1731.1348744996133,1633.3350133681095,69.18450313836075,5.986809996866534,124.61573139212405,17.218133098791224,16.68623366520457,,3.318385503546128,2.3353643715679713,0.8457017136626603,4062.131601493088
663,1751,2,3,1731.163446378478,1634.7659104837383,69.18450340243007,5.984529945691539,124.60715651352135,17.21989879998691,16.686703628438607,,3.318707843586597,2.3356856017183643,0.8425250423928399,4062.141601493094
664,1751,2,3,1731.1920606395056,1636.1962353472238,69.18450365207278,5.982253389755501,124.59858475642535,17.221663815434546,16.687176784144015,,3.3190301887562152,2.3360069030626676,0.8393751097169279,4062.1516014931003
665,1751,2,3,1731.220712617122,1637.6259864541285,69.18450389022057,5.979980311692359,124.59001612528962,17.223428116849885,16.687652750871926,,3.319352539083271,2.3363282755002124,0.8362521589925513,4062.161601493106
666,1751,2,3,1731.2493976403553,1639.0551620344725,69.18450411980508,5.977710694559774,124.58145062616457,17.22519167561998,16.688131147085116,,3.3196748945360106,2.3366497188704756,0.8331564341615294,4062.171601493112
667,1751,2,3,1731.278111043533,1640.4837605854586,69.18450434375795,5.975444520992334,124.57288826350499,17.226954463460437,16.688611591335217,,3.3199972551427215,2.3369712330728007,0.8300881785865376,4062.181601493118
668,1751,2,3,1731.3068481555706,1641.911780338924,69.18450456501081,5.973181774047054,124.56432904336158,17.228716451758437,16.689093702084573,,3.3203196208716492,2.337292817946653,0.8270476362043012,4062.191601493124
669,1751,2,3,1731.335604310688,1643.3392197936678,69.18450478649532,5.970922436359164,124.55577297019056,17.23047761222943,16.689577097885174,,3.320641991751084,2.337614473391388,0.824035050382635,4062.201601493129
670,1751,2,3,1731.3643748377067,1644.7660771833234,69.18450501114312,5.968666490985042,124.54722005004304,17.232237916260754,16.69006139719908,,3.3209643677492693,2.337936199246459,0.8210506650530797,4062.2116014931353
671,1751,2,3,1731.3931550707275,1646.1923510082936,69.18450524188584,5.966413920560549,124.53867028737658,17.233997335567686,16.690546218578483,,3.3212867488944964,2.3382579954112335,0.8180947235886795,4062.221601493141
672,1751,2,3,1731.421940338448,1647.6180395040317,69.18450548165512,5.9641647081414355,124.53012368824245,17.235755841537706,16.691031180485325,,3.321609135155007,2.338579861725152,0.8151674699157004,4062.231601493147
673,1751,2,3,1731.4507259748668,1649.0431411725126,69.18450573338265,5.961918836364189,124.52158025709979,17.23751340588593,16.691515901471845,,3.3219315265590947,2.3389017980875955,0.8122691474125076,4062.2416014931528
674,1751,2,3,1731.4795073085581,1650.4676542510153,69.184506,5.959676288283935,124.51303999999995,17.23927,16.692,,3.322253923075,2.33922380433799,0.8094,4062.2516014931593
675,1751,2,3,1731.50828094062,1651.8915779986078,69.18450628352512,5.957437046722873,124.50450291836876,17.241025603721198,16.692483174913775,,3.3225763247160036,2.339545880363971,0.8065602729049153,4062.261601493166
676,1751,2,3,1731.5370485464273,1653.3149149618396,69.1845065823211,5.95520109482739,124.4959689999025,17.242780229722953,16.692965446314183,,3.322898731495393,2.339868026066142,0.8037502182051273,4062.2716014931725
677,1751,2,3,1731.5658130662866,1654.7376683090176,69.18450689383721,5.952968416137051,124.48743823005796,17.24453389864169,16.693446914549174,,3.3232211433814163,2.340190241303341,0.8009700900817986,4062.2816014931796
678,1751,2,3,1731.5945774462489,1656.159841472177,69.18450721552281,5.950738993775244,124.47891059270263,17.246286631440537,16.69392768005647,,3.3235435604023755,2.340512525994415,0.798220142195482,4062.291601493186
679,1751,2,3,1731.623344627443,1657.5814376169722,69.18450754482717,5.9485128112809225,124.47038607329341,17.248038448756084,16.694407843184155,,3.3238659825265167,2.340834879998189,0.7955006287217421,4062.301601493193
680,1751,2,3,1731.652117556756,1659.0024601725236,69.18450787919966,5.946289851778084,124.46186465569943,17.249789371551294,16.694887504369827,,3.3241884097821437,2.3411573032335244,0.7928118033267766,4062.3116014932
681,1751,2,3,1731.6808991761286,1660.4229123018658,69.18450821608958,5.944070098805079,124.45334632537755,17.251539420462912,16.69536676396169,,3.324510842137502,2.3414797955592324,0.7901539201804579,4062.3216014932073
682,1751,2,3,1731.7096924332861,1661.842797431267,69.18450855294627,5.941853535486502,124.44483106619828,17.25328861645372,16.695845722397248,,3.3248332796208953,2.341802356894187,0.7875272329547235,4062.3316014932143
683,1751,2,3,1731.738500270997,1663.2621187210723,69.18450888721905,5.93964014536011,124.43631886361895,17.255036980160618,16.69632448002476,,3.3251557222005688,2.3421249870971868,0.7849319958136587,4062.341601493222
684,1751,2,3,1731.7673256378139,1664.6808795947286,69.18450921635723,5.93742991155109,124.4278097015113,17.25678453254622,16.69680313728169,,3.325478169904828,2.342447686087119,0.7823684624350353,4062.3516014932284
685,1751,2,3,1731.7961714773382,1666.0990832099196,69.18450953781013,5.935222817596607,124.41930356533308,17.258531294247565,16.697281794516336,,3.325800622701917,2.3427704537227685,0.7798368869770571,4062.3616014932354
686,1751,2,3,1731.825040738953,1667.516732987269,69.1845098490271,5.933018846622436,124.41080043895731,17.260277286227115,16.697760552166145,,3.3261230806201403,2.3430932899230363,0.7773375231234245,4062.371601493242
687,1751,2,3,1731.8539362170616,1668.9338320176485,69.18451014753404,5.930817981843824,124.40230030805003,17.262022528188066,16.698239508069577,,3.326445543627742,2.3434161945470287,0.7748706255003591,4062.381601493249
688,1751,2,3,1731.8828572611276,1670.3503821785646,69.18451043261919,5.928620198675026,124.39380316147707,17.263767018677587,16.69871870242839,,3.326768011753029,2.3437391675216652,0.7724364591734376,4062.391601493255
689,1751,2,3,1731.911799764806,1671.7663836072666,69.18451070533297,5.9264254655492,124.38530899447133,17.265510734436614,16.699198117629198,,3.3270904849642444,2.3440622087213896,0.7700353005665255,4062.4016014932618
690,1751,2,3,1731.9407594773304,1673.181836641192,69.18451096680246,5.924233750169081,124.37681780089136,17.26725365159701,16.69967773363808,,3.327412963289696,2.344385318081144,0.7676674261271745,4062.411601493268
691,1751,2,3,1731.9697321427675,1674.5967413545814,69.1845112181547,5.922045020645918,124.36832957617823,17.268995745965885,16.700157530331797,,3.327735446697626,2.344708495475692,0.7653331127470704,4062.421601493274
692,1751,2,3,1731.9987135107879,1676.0110980858724,69.18451146051677,5.919859244683008,124.35984431419168,17.270736993674934,16.700637487676453,,3.3280579352163437,2.345031740839987,0.76303263687999,4062.4316014932797
693,1751,2,3,1732.0276993258965,1677.4249069104965,69.18451169501574,5.917676390391051,124.35136201037298,17.272477370531433,16.701117585548772,,3.3283804288140897,2.345355054048781,0.760766275411342,4062.441601493286
694,1751,2,3,1732.0566853382086,1678.838168167864,69.18451192277867,5.915496425473885,124.3428826585833,17.274216852666882,16.7015978039149,,3.3287029275191746,2.3456784350370414,0.7585343048012321,4062.4516014932915
695,1751,2,3,1732.085667292655,1680.2508819345833,69.18451214493261,5.913319318041669,124.33440625426414,17.275955415888713,16.702078122651532,,3.3290254312998377,2.346001883679506,0.7563370019286887,4062.461601493297
696,1751,2,3,1732.1146409397786,1681.6630485510593,69.18451236260466,5.91114503579878,124.32593279127788,17.277693036328266,16.702558521724825,,3.3293479401843915,2.346325399911154,0.7541746432602491,4062.471601493303
697,1751,2,3,1732.14360202495,1683.0746680950851,69.18451257692188,5.908973546854847,124.3174622650663,17.27942968979313,16.70303898101147,,3.329670454141074,2.3466489836067126,0.7520475056684586,4062.4816014933085
698,1751,2,3,1732.1725462991244,1684.4857409080525,69.1845127890113,5.906804818914768,124.30899466949302,17.281165352414455,16.703519480477638,,3.329992973198197,2.3469726347011735,0.7499558656263893,4062.491601493314
699,1751,2,3,1732.2014695081007,1685.8962670689464,69.184513,5.904638820087658,124.30053000000001,17.2829,16.704,,3.330315497324,2.34729635306925,0.7479,4062.50160149332
700,1751,2,3,1732.230368519029,1687.306246760406,69.18451321101294,5.902475527651303,124.29206825273877,17.284633614918878,16.704480519522363,,3.330638026531777,2.347620138633069,0.7458801684829961,4062.5116014933255
701,1751,2,3,1732.2592446675806,1688.7156797887549,69.18451342316665,5.900314956770821,124.28360943143171,17.286366204815387,16.70496101898852,,3.330960560834834,2.3479439913235756,0.7438965632589245,4062.521601493331
702,1751,2,3,1732.288100402367,1690.1245656687406,69.18451363757556,5.8981571323848,124.27515354287544,17.28809778341068,16.70544147827516,,3.331283100201418,2.3482679110286737,0.7419493599083837,4062.5316014933364
703,1751,2,3,1732.3169381772,1691.5329041767848,69.18451385535406,5.896002079029648,124.26670059229178,17.2898283647485,16.70592187734844,,3.3316056446598536,2.3485918976965947,0.7400387336458976,4062.541601493342
704,1751,2,3,1732.345760440346,1692.9406948261187,69.18451407761658,5.893849821643438,124.25825058647786,17.29155796255017,16.70640219608506,,3.3319281941783903,2.34891595121523,0.7381648600452679,4062.5516014933482
705,1751,2,3,1732.374569645266,1694.3479373914988,69.18451430547752,5.891700384763096,124.24980353065679,17.293286590859246,16.70688241445118,,3.3322507487853534,2.349240071532823,0.7363279143278483,4062.5616014933535
706,1751,2,3,1732.4033682398845,1695.7546313847406,69.18451454005134,5.889553793326176,124.24135943162571,17.295014263397224,16.707362512323495,,3.332573308448989,2.3495642585372534,0.734528072060578,4062.5716014933596
707,1751,2,3,1732.4321586773206,1697.16077657892,69.18451478245241,5.887410071870127,124.23291829460918,17.296740994207465,16.70784246966814,,3.3328958731976255,2.3498885121767774,0.7327655084717054,4062.5816014933657
708,1751,2,3,1732.460943405151,1698.5663724843741,69.18451503379517,5.885269245331971,124.22448012640461,17.298466797011617,16.70832226636186,,3.3332184429995078,2.3502128323392606,0.7310403991212426,4062.591601493372
709,1751,2,3,1732.4897248761679,1699.9714188725204,69.18451529519403,5.883131338249696,124.21604493223792,17.30019168585289,16.70880188237075,,3.333541017882964,2.350537218972973,0.7293529192443978,4062.601601493378
710,1751,2,3,1732.5185055376105,1701.3759152522302,69.18451556776341,5.880996375559782,124.20761271890682,17.301915674453074,16.709281297571575,,3.3338635978162396,2.350861671965768,0.7277032443941907,4062.6116014933846
711,1751,2,3,1732.5472878419216,1702.7798613932955,69.18451585261774,5.8788643818007635,124.1991834916383,17.303638776855177,16.70976049193041,,3.3341861828276618,2.351186191265927,0.7260915498128546,4062.6216014933907
712,1751,2,3,1732.576074168974,1704.1832568753678,69.18451615079583,5.87673538039545,124.19075725671551,17.305361006475714,16.710239447833874,,3.334508772885477,2.351510776761518,0.7245180126119658,4062.6316014933973
713,1751,2,3,1732.6048653620444,1705.5861032002558,69.18451646159859,5.874609359568097,124.182334007012,17.307082370026656,16.710718205483722,,3.3348313680180155,2.3518354284062872,0.7229828456156018,4062.641601493404
714,1751,2,3,1732.6336607174946,1706.9884032693155,69.18451678258879,5.872486273137526,124.17391372513038,17.308802866873844,16.711196862718417,,3.3351539681935227,2.3521601460987416,0.7214862979464843,4062.6516014934114
715,1751,2,3,1732.6624594705536,1708.3901603168624,69.18451711125373,5.870366073013708,124.16549639159017,17.310522496398214,16.711675519975397,,3.335476573440333,2.3524849297980905,0.7200286200106152,4062.661601493418
716,1751,2,3,1732.6912608516388,1709.7913773155358,69.18451744508064,5.868248711501802,124.1570819884795,17.312241257660315,16.712154277602952,,3.3357991837266927,2.352809779403056,0.7186100624891132,4062.671601493425
717,1751,2,3,1732.7200640970584,1711.1920574985083,69.18451778155685,5.8661341405123135,124.14867049631924,17.313959150040905,16.712633236038545,,3.3361217990809355,2.3531346948728604,0.7172308757952436,4062.681601493432
718,1751,2,3,1732.7488684383127,1712.5922038374847,69.18451811816955,5.864022312349879,124.14026189719773,17.315676172600693,16.71311249563044,,3.3364444194713063,2.3534596761062128,0.7158913106028156,4062.6916014934395
719,1751,2,3,1732.777673112793,1713.9918195645578,69.1845184524061,5.861913178925517,124.13185617163685,17.317392324720274,16.713592156816127,,3.3367670449261415,2.3537847230623483,0.7145916173324507,4062.701601493446
720,1751,2,3,1732.8064773530723,1715.3909076504956,69.18451878175368,5.859806692543359,124.12345330172523,17.31910760546049,16.71407231994381,,3.3370896754136834,2.354109835639962,0.7133320466505552,4062.711601493453
721,1751,2,3,1732.8352803976286,1716.7894713262515,69.18451910369959,5.857702805114921,124.11505326798618,17.32082201420178,16.714553085451076,,3.3374123109622698,2.3544350137983026,0.7121128489852003,4062.72160149346
722,1751,2,3,1732.8640814801188,1718.187513561687,69.18451941573112,5.855601468943846,124.10665605250854,17.32253555000514,16.715034553686014,,3.3377349515401415,2.354760257436054,0.7109342749952954,4062.731601493467
723,1751,2,3,1732.892879840094,1719.5850375866603,69.1845197153355,5.853502635942127,124.09826163581684,17.324248212250826,16.71551682508634,,3.338057597175638,2.355085566512476,0.7097965751164556,4062.7416014934734
724,1751,2,3,1732.9216747122787,1720.9820463701421,69.18452,5.851406258412939,124.08987,17.325960000000002,16.716,,3.338380247837,2.35541094092624,0.7087,4062.75160149348
725,1751,2,3,1732.9504651904217,1722.3785423284505,69.18452026809612,5.8493123029480385,124.08148113031099,17.32767091088879,16.71648409852801,,3.3387029035375435,2.355736380622965,0.7076447669168996,4062.761601493486
726,1751,2,3,1732.9792497863389,1723.774524887975,69.18452052153218,5.847220794467028,124.07309502934865,17.32938093589593,16.716968819514356,,3.339025564290591,2.356061885554289,0.7066309602640125,4062.7716014934927
727,1751,2,3,1733.0080268621737,1725.1699925328762,69.18452076310064,5.845131772763486,124.0647117052199,17.33109006409698,16.717453781421014,,3.3393482300643926,2.356387455627881,0.7056586313584111,4062.7816014934983
728,1751,2,3,1733.0367947852471,1726.5649440074867,69.18452099559407,5.843045277241648,124.0563311644703,17.33279828488593,16.71793860280024,,3.3396709008872976,2.3567130908120446,0.7047278313321972,4062.7916014935045
729,1751,2,3,1733.065551917368,1727.959377796429,69.18452122180491,5.840961347694623,124.0479534152072,17.33450558733849,16.718422902113993,,3.3399935767275557,2.357038791014435,0.7038386114947124,4062.80160149351
730,1751,2,3,1733.0942966255116,1729.3532926443697,69.18452144452577,5.838880023527121,124.0395784639773,17.336211960848477,16.71890629791446,,3.340316257613517,2.3573645562033683,0.7029910229857984,4062.811601493516
731,1751,2,3,1733.1230272711343,1730.7466870364476,69.1845216665491,5.836801344531769,124.03120631888812,17.33791739449175,16.71938840866374,,3.3406389435134285,2.3576903862864884,0.7021851171070473,4062.8216014935215
732,1751,2,3,1733.1517422208767,1732.1395597176443,69.18452189066745,5.834725350113767,124.02283698648759,17.33962187766194,16.719868852913827,,3.340961634455644,2.358016281232123,0.7014209450060603,4062.8316014935276
733,1751,2,3,1733.180439835845,1733.5319091736073,69.18452211967332,5.832652080065246,124.01447047488337,17.34132539943509,16.720347249127077,,3.3412843304084086,2.358342240947904,0.7006985579766606,4062.841601493533
734,1751,2,3,1733.2091184823303,1734.9237341496098,69.18452235635922,5.830581573791909,124.00610679062471,17.343027949204625,16.720823215855138,,3.3416070314000756,2.3586682654021707,0.7000180071742274,4062.8516014935385
735,1751,2,3,1733.2377765211065,1736.3150331317881,69.18452260351766,5.828513871085375,123.99774594181957,17.34472951604677,16.721296371560793,,3.3419297373988908,2.358994354502543,0.6993793438847962,4062.861601493545
736,1751,2,3,1733.2664123181032,1737.7058048657652,69.1845228639412,5.826449011351867,123.98938793501816,17.346430089354755,16.721766334795205,,3.3422524484332086,2.359320508217373,0.6987826192715438,4062.8716014935508
737,1751,2,3,1733.295024305649,1739.0960479141368,69.18452314031174,5.824387031532069,123.98103277795475,17.348129658702568,16.722232761669027,,3.3425751644712727,2.3596467264544234,0.6982278804573102,4062.8816014935574
738,1751,2,3,1733.3236125750127,1740.4857628460368,69.18452343276893,5.822327902622896,123.97268046820685,17.349828225425984,16.72269617426864,,3.342897885541441,2.359973009185789,0.6977150788837622,4062.891601493564
739,1751,2,3,1733.3521788660294,1741.874951718437,69.18452373890997,5.820271530445649,123.96433099630839,17.351525801989368,16.723157960482247,,3.3432206116119607,2.360299356326373,0.6972440705180587,4062.901601493571
740,1751,2,3,1733.3807249960348,1743.2636169222071,69.18452405622153,5.818217817587927,123.95598435086406,17.35322240167097,16.723619545931623,,3.3435433427111922,2.3606257678520137,0.6968147070803374,4062.9116014935776
741,1751,2,3,1733.4092527773464,1744.6517605885847,69.18452438219028,5.816166667020118,123.94764052203386,17.354918037432963,16.724082356152465,,3.343866078807382,2.360952243677755,0.6964268403745988,4062.9216014935846
742,1751,2,3,1733.4377640279029,1746.0393851064912,69.18452471430291,5.8141179813303046,123.93929949842389,17.356612722553415,16.724547816766655,,3.344188819928892,2.3612787837794484,0.6960803221287237,4062.931601493591
743,1751,2,3,1733.4662605606093,1747.4264926054634,69.18452505004606,5.812071663488407,123.93096127019416,17.358306469994652,16.72501735330952,,3.3445115660439675,2.3616053880721273,0.695775004138997,4062.9416014935987
744,1751,2,3,1733.4947441939858,1748.8130854724698,69.18452538690643,5.81002761608296,123.92262582595208,17.35999929303457,16.72549239140357,,3.34483431718097,2.3619320565316535,0.6955107381409873,4062.9516014936057
745,1751,2,3,1733.5232167415434,1750.1991658352933,69.18452572237068,5.807985742083449,123.9142931558581,17.36169120463564,16.72597435658324,,3.3451570733081453,2.3622587890730498,0.6952873759233191,4062.9616014936128
746,1751,2,3,1733.551680022388,1751.5847360790517,69.1845260539255,5.805945944078826,123.90596324852052,17.3633822180756,16.726464674472194,,3.3454798344538563,2.3625855856721887,0.6951047692291941,4062.97160149362
747,1751,2,3,1733.5801358506144,1752.9697983297979,69.18452637905753,5.80390812503818,123.89763609409998,17.365072346317074,16.72696477060346,,3.345802600586347,2.3629124462440805,0.6949627698396315,4062.981601493627
748,1751,2,3,1733.6085860459314,1754.3543549707124,69.1845266952535,5.801872187550837,123.88931168120624,17.366761602637613,16.72747607060237,,3.34612537173398,2.363239370764612,0.6948612295054102,4062.9916014936334
749,1751,2,3,1733.6370324230334,1755.7384081261641,69.184527,5.799838034585529,123.88099000000003,17.368450000000003,16.728,,3.346448147865,2.36356635914878,0.6948,4063.0016014936405
